2025-06-23 16:51:45,123 - __main__ - INFO - Logging system initialized
2025-06-23 16:51:45,124 - __main__ - INFO - Starting F1 & MotoGP Dashboard application
2025-06-23 16:51:45,125 - __main__ - INFO - Application directories created
2025-06-23 16:51:45,240 - __main__ - ERROR - Unexpected error: type object 'ApplicationAttribute' has no attribute 'AA_EnableHighDpiScaling'
Traceback (most recent call last):
  File "C:\LOCAL Project\OneMotor\main.py", line 72, in main
    app = setup_application()
  File "C:\LOCAL Project\OneMotor\main.py", line 47, in setup_application
    app.setAttribute(Qt.ApplicationAttribute.AA_EnableHighDpiScaling, True)
                     ^^^^^^^^^^^^^^^^^^^^^^^^^^^^^^^^^^^^^^^^^^^^^^^
AttributeError: type object 'ApplicationAttribute' has no attribute 'AA_EnableHighDpiScaling'
2025-06-23 16:53:16,041 - __main__ - INFO - Logging system initialized
2025-06-23 16:53:16,042 - __main__ - INFO - Starting F1 & MotoGP Dashboard application
2025-06-23 16:53:16,042 - __main__ - INFO - Application directories created
2025-06-23 16:53:16,092 - __main__ - INFO - Qt application configured
2025-06-23 16:53:17,694 - __main__ - INFO - Main window created and shown
2025-06-23 16:53:17,694 - __main__ - INFO - Application ready - entering event loop
2025-06-23 16:53:18,473 - ui.main_window - INFO - Status updated: Cargando datos iniciales de F1...
2025-06-23 16:53:18,481 - services.api_client - INFO - GET request to: http://ergast.com/api/f1/current/driverStandings.json
2025-06-23 16:53:18,482 - ui.main_window - INFO - Status updated: Cargando standings de F1...
2025-06-23 16:53:20,862 - ui.main_window - INFO - Status updated: Pestaña activa: MotoGP
2025-06-23 16:53:21,904 - ui.main_window - INFO - Status updated: Pestaña activa: Fórmula 1
2025-06-23 16:53:22,602 - ui.main_window - INFO - Status updated: Pestaña activa: MotoGP
2025-06-23 16:53:23,606 - ui.main_window - INFO - Status updated: Pestaña activa: Fórmula 1
2025-06-23 16:53:23,624 - services.api_client - ERROR - Request failed for http://ergast.com/api/f1/current/driverStandings.json: HTTPConnectionPool(host='ergast.com', port=80): Max retries exceeded with url: /api/f1/current/driverStandings.json (Caused by NewConnectionError('<urllib3.connection.HTTPConnection object at 0x0000019E9C402270>: Failed to establish a new connection: [WinError 10061] No connection could be made because the target machine actively refused it'))
2025-06-23 16:53:23,624 - services.data_service - ERROR - Error getting F1 standings: Error accessing http://ergast.com/api/f1/current/driverStandings.json: HTTPConnectionPool(host='ergast.com', port=80): Max retries exceeded with url: /api/f1/current/driverStandings.json (Caused by NewConnectionError('<urllib3.connection.HTTPConnection object at 0x0000019E9C402270>: Failed to establish a new connection: [WinError 10061] No connection could be made because the target machine actively refused it'))
2025-06-23 16:53:23,625 - services.data_service - ERROR - Error de conexión: Error accessing http://ergast.com/api/f1/current/driverStandings.json: HTTPConnectionPool(host='ergast.com', port=80): Max retries exceeded with url: /api/f1/current/driverStandings.json (Caused by NewConnectionError('<urllib3.connection.HTTPConnection object at 0x0000019E9C402270>: Failed to establish a new connection: [WinError 10061] No connection could be made because the target machine actively refused it'))
2025-06-23 16:53:26,636 - ui.main_window - INFO - Status updated: Error: Error de conexión: Error accessing http://ergast.com/api/f1/current/driverStandings.json: HTTPConnectionPool(host='ergast.com', port=80): Max retries exceeded with url: /api/f1/current/driverStandings.json (Caused by NewConnectionError('<urllib3.connection.HTTPConnection object at 0x0000019E9C402270>: Failed to establish a new connection: [WinError 10061] No connection could be made because the target machine actively refused it'))
2025-06-23 16:53:29,859 - services.api_client - INFO - GET request to: http://ergast.com/api/f1/current/driverStandings.json
2025-06-23 16:53:29,859 - ui.main_window - INFO - Status updated: Cargando standings de F1...
2025-06-23 16:53:34,099 - services.api_client - ERROR - Request failed for http://ergast.com/api/f1/current/driverStandings.json: HTTPConnectionPool(host='ergast.com', port=80): Max retries exceeded with url: /api/f1/current/driverStandings.json (Caused by NewConnectionError('<urllib3.connection.HTTPConnection object at 0x0000019E9C438B90>: Failed to establish a new connection: [WinError 10061] No connection could be made because the target machine actively refused it'))
2025-06-23 16:53:34,100 - services.data_service - ERROR - Error getting F1 standings: Error accessing http://ergast.com/api/f1/current/driverStandings.json: HTTPConnectionPool(host='ergast.com', port=80): Max retries exceeded with url: /api/f1/current/driverStandings.json (Caused by NewConnectionError('<urllib3.connection.HTTPConnection object at 0x0000019E9C438B90>: Failed to establish a new connection: [WinError 10061] No connection could be made because the target machine actively refused it'))
2025-06-23 16:53:34,100 - services.data_service - ERROR - Error de conexión: Error accessing http://ergast.com/api/f1/current/driverStandings.json: HTTPConnectionPool(host='ergast.com', port=80): Max retries exceeded with url: /api/f1/current/driverStandings.json (Caused by NewConnectionError('<urllib3.connection.HTTPConnection object at 0x0000019E9C438B90>: Failed to establish a new connection: [WinError 10061] No connection could be made because the target machine actively refused it'))
2025-06-23 16:53:38,553 - ui.main_window - INFO - Status updated: Error: Error de conexión: Error accessing http://ergast.com/api/f1/current/driverStandings.json: HTTPConnectionPool(host='ergast.com', port=80): Max retries exceeded with url: /api/f1/current/driverStandings.json (Caused by NewConnectionError('<urllib3.connection.HTTPConnection object at 0x0000019E9C438B90>: Failed to establish a new connection: [WinError 10061] No connection could be made because the target machine actively refused it'))
2025-06-23 16:53:43,579 - ui.main_window - INFO - Status updated: Pestaña activa: MotoGP
2025-06-23 16:53:48,396 - ui.main_window - INFO - Status updated: Pestaña activa: Fórmula 1
2025-06-23 16:53:58,363 - ui.main_window - INFO - Application closing
2025-06-23 16:53:58,407 - __main__ - INFO - Application exited with code: 0
2025-06-23 16:54:04,980 - __main__ - INFO - Logging system initialized
2025-06-23 16:54:04,980 - __main__ - INFO - Starting F1 & MotoGP Dashboard application
2025-06-23 16:54:04,981 - __main__ - INFO - Application directories created
2025-06-23 16:54:05,026 - __main__ - INFO - Qt application configured
2025-06-23 16:54:06,525 - __main__ - INFO - Main window created and shown
2025-06-23 16:54:06,526 - __main__ - INFO - Application ready - entering event loop
2025-06-23 16:54:07,291 - ui.main_window - INFO - Status updated: Cargando datos iniciales de F1...
2025-06-23 16:54:07,294 - services.api_client - INFO - GET request to: http://ergast.com/api/f1/current/driverStandings.json
2025-06-23 16:54:07,294 - ui.main_window - INFO - Status updated: Cargando standings de F1...
2025-06-23 16:54:11,505 - services.api_client - ERROR - Request failed for http://ergast.com/api/f1/current/driverStandings.json: HTTPConnectionPool(host='ergast.com', port=80): Max retries exceeded with url: /api/f1/current/driverStandings.json (Caused by NewConnectionError('<urllib3.connection.HTTPConnection object at 0x000001D423EA2120>: Failed to establish a new connection: [WinError 10061] No connection could be made because the target machine actively refused it'))
2025-06-23 16:54:11,505 - services.data_service - ERROR - Error getting F1 standings: Error accessing http://ergast.com/api/f1/current/driverStandings.json: HTTPConnectionPool(host='ergast.com', port=80): Max retries exceeded with url: /api/f1/current/driverStandings.json (Caused by NewConnectionError('<urllib3.connection.HTTPConnection object at 0x000001D423EA2120>: Failed to establish a new connection: [WinError 10061] No connection could be made because the target machine actively refused it'))
2025-06-23 16:54:11,506 - services.data_service - ERROR - Error de conexión: Error accessing http://ergast.com/api/f1/current/driverStandings.json: HTTPConnectionPool(host='ergast.com', port=80): Max retries exceeded with url: /api/f1/current/driverStandings.json (Caused by NewConnectionError('<urllib3.connection.HTTPConnection object at 0x000001D423EA2120>: Failed to establish a new connection: [WinError 10061] No connection could be made because the target machine actively refused it'))
2025-06-23 16:54:14,082 - ui.main_window - INFO - Status updated: Error: Error de conexión: Error accessing http://ergast.com/api/f1/current/driverStandings.json: HTTPConnectionPool(host='ergast.com', port=80): Max retries exceeded with url: /api/f1/current/driverStandings.json (Caused by NewConnectionError('<urllib3.connection.HTTPConnection object at 0x000001D423EA2120>: Failed to establish a new connection: [WinError 10061] No connection could be made because the target machine actively refused it'))
2025-06-23 16:54:22,528 - services.api_client - INFO - GET request to: http://ergast.com/api/f1/current/driverStandings.json
2025-06-23 16:54:22,529 - ui.main_window - INFO - Status updated: Cargando standings de F1...
2025-06-23 16:54:27,001 - services.api_client - ERROR - Request failed for http://ergast.com/api/f1/current/driverStandings.json: HTTPConnectionPool(host='ergast.com', port=80): Max retries exceeded with url: /api/f1/current/driverStandings.json (Caused by NewConnectionError('<urllib3.connection.HTTPConnection object at 0x000001D423EDCB90>: Failed to establish a new connection: [WinError 10061] No connection could be made because the target machine actively refused it'))
2025-06-23 16:54:27,001 - services.data_service - ERROR - Error getting F1 standings: Error accessing http://ergast.com/api/f1/current/driverStandings.json: HTTPConnectionPool(host='ergast.com', port=80): Max retries exceeded with url: /api/f1/current/driverStandings.json (Caused by NewConnectionError('<urllib3.connection.HTTPConnection object at 0x000001D423EDCB90>: Failed to establish a new connection: [WinError 10061] No connection could be made because the target machine actively refused it'))
2025-06-23 16:54:27,003 - services.data_service - ERROR - Error de conexión: Error accessing http://ergast.com/api/f1/current/driverStandings.json: HTTPConnectionPool(host='ergast.com', port=80): Max retries exceeded with url: /api/f1/current/driverStandings.json (Caused by NewConnectionError('<urllib3.connection.HTTPConnection object at 0x000001D423EDCB90>: Failed to establish a new connection: [WinError 10061] No connection could be made because the target machine actively refused it'))
2025-06-23 16:54:50,927 - ui.main_window - INFO - Status updated: Error: Error de conexión: Error accessing http://ergast.com/api/f1/current/driverStandings.json: HTTPConnectionPool(host='ergast.com', port=80): Max retries exceeded with url: /api/f1/current/driverStandings.json (Caused by NewConnectionError('<urllib3.connection.HTTPConnection object at 0x000001D423EDCB90>: Failed to establish a new connection: [WinError 10061] No connection could be made because the target machine actively refused it'))
2025-06-23 16:54:54,153 - ui.main_window - INFO - Application closing
2025-06-23 16:54:54,172 - __main__ - INFO - Application exited with code: 0
2025-06-24 00:06:21,532 - __main__ - INFO - Logging system initialized
2025-06-24 00:06:21,533 - __main__ - INFO - Starting F1 & MotoGP Dashboard application
2025-06-24 00:06:21,534 - __main__ - INFO - Application directories created
2025-06-24 00:06:21,602 - __main__ - INFO - Qt application configured
2025-06-24 00:06:23,062 - __main__ - INFO - Main window created and shown
2025-06-24 00:06:23,063 - __main__ - INFO - Application ready - entering event loop
2025-06-24 00:06:23,845 - ui.main_window - INFO - Status updated: Cargando datos iniciales de F1...
2025-06-24 00:06:23,846 - services.api_client - INFO - GET request to: http://ergast.com/api/f1/current/driverStandings.json
2025-06-24 00:06:23,847 - ui.main_window - INFO - Status updated: Cargando standings de F1...
2025-06-24 00:06:27,419 - services.api_client - ERROR - Request failed for http://ergast.com/api/f1/current/driverStandings.json: HTTPConnectionPool(host='ergast.com', port=80): Max retries exceeded with url: /api/f1/current/driverStandings.json (Caused by NewConnectionError('<urllib3.connection.HTTPConnection object at 0x000002AD20532120>: Failed to establish a new connection: [WinError 10061] No connection could be made because the target machine actively refused it'))
2025-06-24 00:06:27,420 - services.data_service - ERROR - Error getting F1 standings: Error accessing http://ergast.com/api/f1/current/driverStandings.json: HTTPConnectionPool(host='ergast.com', port=80): Max retries exceeded with url: /api/f1/current/driverStandings.json (Caused by NewConnectionError('<urllib3.connection.HTTPConnection object at 0x000002AD20532120>: Failed to establish a new connection: [WinError 10061] No connection could be made because the target machine actively refused it'))
2025-06-24 00:06:27,420 - services.data_service - ERROR - Error de conexión: Error accessing http://ergast.com/api/f1/current/driverStandings.json: HTTPConnectionPool(host='ergast.com', port=80): Max retries exceeded with url: /api/f1/current/driverStandings.json (Caused by NewConnectionError('<urllib3.connection.HTTPConnection object at 0x000002AD20532120>: Failed to establish a new connection: [WinError 10061] No connection could be made because the target machine actively refused it'))
2025-06-24 00:15:16,301 - __main__ - INFO - Logging system initialized
2025-06-24 00:15:16,302 - __main__ - INFO - Starting F1 & MotoGP Dashboard application
2025-06-24 00:15:16,303 - __main__ - INFO - Application directories created
2025-06-24 00:15:16,335 - __main__ - INFO - Qt application configured
2025-06-24 00:15:16,832 - services.api_client - INFO - Initialized ErgastAPIClient with base URL: http://api.jolpi.ca/ergast/f1
2025-06-24 00:15:17,207 - __main__ - INFO - Main window created and shown
2025-06-24 00:15:17,208 - __main__ - INFO - Application ready - entering event loop
2025-06-24 00:15:18,037 - ui.main_window - INFO - Status updated: Cargando datos iniciales de F1...
2025-06-24 00:15:18,039 - services.api_client - INFO - GET request to: http://api.jolpi.ca/ergast/f1/current/driverStandings.json
2025-06-24 00:15:18,040 - ui.main_window - INFO - Status updated: Cargando standings de F1...
2025-06-24 00:15:19,103 - services.api_client - INFO - Successful response from http://api.jolpi.ca/ergast/f1/current/driverStandings.json
2025-06-24 00:15:19,103 - services.data_service - INFO - Loaded 21 driver standings
2025-06-24 00:15:19,127 - ui.widgets.f1_tab - INFO - Successfully loaded 21 standings
2025-06-24 00:15:19,127 - ui.main_window - INFO - Status updated: F1 standings actualizados (21 pilotos)
2025-06-24 00:15:32,537 - ui.main_window - INFO - Application closing
2025-06-24 00:15:32,556 - __main__ - INFO - Application exited with code: 0
2025-06-24 00:15:45,698 - __main__ - INFO - Logging system initialized
2025-06-24 00:15:45,699 - __main__ - INFO - Starting F1 & MotoGP Dashboard application
2025-06-24 00:15:45,699 - __main__ - INFO - Application directories created
2025-06-24 00:15:45,730 - __main__ - INFO - Qt application configured
2025-06-24 00:15:46,267 - services.api_client - INFO - Initialized ErgastAPIClient with base URL: http://api.jolpi.ca/ergast/f1
2025-06-24 00:15:46,548 - __main__ - INFO - Main window created and shown
2025-06-24 00:15:46,548 - __main__ - INFO - Application ready - entering event loop
2025-06-24 00:15:47,366 - ui.main_window - INFO - Status updated: Cargando datos iniciales de F1...
2025-06-24 00:15:47,371 - services.api_client - INFO - GET request to: http://api.jolpi.ca/ergast/f1/current/driverStandings.json
2025-06-24 00:15:47,373 - ui.main_window - INFO - Status updated: Cargando standings de F1...
2025-06-24 00:15:48,476 - services.api_client - INFO - Successful response from http://api.jolpi.ca/ergast/f1/current/driverStandings.json
2025-06-24 00:15:48,478 - services.data_service - INFO - Loaded 21 driver standings
2025-06-24 00:15:48,495 - ui.widgets.f1_tab - INFO - Successfully loaded 21 standings
2025-06-24 00:15:48,496 - ui.main_window - INFO - Status updated: F1 standings actualizados (21 pilotos)
2025-06-24 00:16:03,848 - ui.main_window - INFO - Status updated: Pestaña activa: MotoGP
2025-06-24 00:16:05,360 - ui.main_window - INFO - Status updated: Pestaña activa: Fórmula 1
2025-06-24 00:16:13,431 - ui.main_window - INFO - Status updated: Pestaña activa: MotoGP
2025-06-24 00:16:14,871 - ui.main_window - INFO - Status updated: Pestaña activa: Fórmula 1
2025-06-24 00:16:19,125 - ui.main_window - INFO - Application closing
2025-06-24 00:16:19,139 - __main__ - INFO - Application exited with code: 0
2025-06-24 11:33:52,103 - __main__ - INFO - Logging system initialized
2025-06-24 11:33:52,104 - __main__ - INFO - Starting F1 & MotoGP Dashboard application
2025-06-24 11:33:52,105 - __main__ - INFO - Application directories created
2025-06-24 11:33:52,178 - __main__ - INFO - Qt application configured
2025-06-24 11:33:52,745 - services.api_client - INFO - Initialized ErgastAPIClient with base URL: http://api.jolpi.ca/ergast/f1
2025-06-24 11:33:53,221 - __main__ - INFO - Main window created and shown
2025-06-24 11:33:53,221 - __main__ - INFO - Application ready - entering event loop
2025-06-24 11:33:54,020 - ui.main_window - INFO - Status updated: Cargando datos iniciales de F1...
2025-06-24 11:33:54,024 - services.api_client - INFO - GET request to: http://api.jolpi.ca/ergast/f1/current/driverStandings.json
2025-06-24 11:33:54,025 - ui.main_window - INFO - Status updated: Cargando standings de F1...
2025-06-24 11:33:55,102 - services.api_client - INFO - Successful response from http://api.jolpi.ca/ergast/f1/current/driverStandings.json
2025-06-24 11:33:55,103 - services.data_service - INFO - Loaded 21 driver standings
2025-06-24 11:33:55,130 - ui.widgets.f1_tab - INFO - Successfully loaded 21 standings
2025-06-24 11:33:55,131 - ui.main_window - INFO - Status updated: F1 standings actualizados (21 pilotos)
2025-06-24 11:34:38,197 - ui.main_window - INFO - Status updated: Pestaña activa: MotoGP
2025-06-24 11:43:28,981 - ui.main_window - INFO - Application closing
2025-06-24 11:43:29,006 - __main__ - INFO - Application exited with code: 0
2025-06-24 11:47:05,091 - __main__ - INFO - Logging system initialized
2025-06-24 11:47:05,091 - __main__ - INFO - Starting F1 & MotoGP Dashboard application
2025-06-24 11:47:05,092 - __main__ - INFO - Application directories created
2025-06-24 11:47:05,129 - __main__ - INFO - Qt application configured
2025-06-24 11:47:05,136 - __main__ - ERROR - Error importing required modules: cannot import name 'QActionGroup' from 'PyQt6.QtWidgets' (C:\LOCAL Project\OneMotor\venv\Lib\site-packages\PyQt6\QtWidgets.pyd)
2025-06-24 11:49:42,609 - __main__ - INFO - Logging system initialized
2025-06-24 11:49:42,610 - __main__ - INFO - Starting F1 & MotoGP Dashboard application
2025-06-24 11:49:42,610 - __main__ - INFO - Application directories created
2025-06-24 11:49:42,645 - __main__ - INFO - Qt application configured
2025-06-24 11:49:42,647 - __main__ - ERROR - Error importing required modules: cannot import name 'QActionGroup' from 'PyQt6.QtWidgets' (C:\LOCAL Project\OneMotor\venv\Lib\site-packages\PyQt6\QtWidgets.pyd)
2025-06-24 11:52:16,438 - __main__ - INFO - Logging system initialized
2025-06-24 11:52:16,439 - __main__ - INFO - Starting F1 & MotoGP Dashboard application
2025-06-24 11:52:16,440 - __main__ - INFO - Application directories created
2025-06-24 11:52:16,483 - __main__ - INFO - Qt application configured
2025-06-24 11:52:17,127 - utils.i18n - INFO - Loaded translations for: en
2025-06-24 11:52:17,127 - utils.i18n - INFO - Loaded translations for: es
2025-06-24 11:52:17,133 - utils.i18n - INFO - Language changed from es to es
2025-06-24 11:52:17,172 - services.api_client - INFO - Initialized ErgastAPIClient with base URL: http://api.jolpi.ca/ergast/f1
2025-06-24 11:52:17,531 - __main__ - INFO - Main window created and shown
2025-06-24 11:52:17,532 - __main__ - INFO - Application ready - entering event loop
2025-06-24 11:52:18,323 - ui.main_window - INFO - Status updated: Cargando datos iniciales de F1...
2025-06-24 11:52:18,325 - services.api_client - INFO - GET request to: http://api.jolpi.ca/ergast/f1/current/driverStandings.json
2025-06-24 11:52:18,326 - ui.main_window - INFO - Status updated: Cargando standings de F1...
2025-06-24 11:52:19,447 - services.api_client - INFO - Successful response from http://api.jolpi.ca/ergast/f1/current/driverStandings.json
2025-06-24 11:52:19,448 - services.data_service - INFO - Loaded 21 driver standings
2025-06-24 11:52:19,465 - ui.widgets.f1_tab - INFO - Successfully loaded 21 standings
2025-06-24 11:52:19,466 - ui.main_window - INFO - Status updated: F1 standings actualizados (21 pilotos)
2025-06-24 11:52:33,661 - utils.i18n - INFO - Language changed from es to en
2025-06-24 11:52:33,661 - ui.main_window - INFO - Language changed to: en
2025-06-24 11:52:43,855 - ui.main_window - INFO - Status updated: Active tab: MotoGP
2025-06-24 11:52:45,415 - ui.main_window - INFO - Status updated: Active tab: Formula 1
2025-06-24 11:53:18,797 - ui.main_window - INFO - Application closing
2025-06-24 11:53:18,817 - __main__ - INFO - Application exited with code: 0
2025-06-24 12:37:57,668 - __main__ - INFO - Logging system initialized
2025-06-24 12:37:57,669 - __main__ - INFO - Starting F1 & MotoGP Dashboard application
2025-06-24 12:37:57,670 - __main__ - INFO - Application directories created
2025-06-24 12:37:57,706 - __main__ - INFO - Qt application configured
2025-06-24 12:37:58,256 - utils.i18n - INFO - Loaded translations for: en
2025-06-24 12:37:58,257 - utils.i18n - INFO - Loaded translations for: es
2025-06-24 12:37:58,259 - utils.i18n - INFO - Language changed from es to en
2025-06-24 12:37:58,286 - services.api_client - INFO - Initialized ErgastAPIClient with base URL: http://api.jolpi.ca/ergast/f1
2025-06-24 12:37:58,567 - __main__ - INFO - Main window created and shown
2025-06-24 12:37:58,568 - __main__ - INFO - Application ready - entering event loop
2025-06-24 12:37:59,407 - ui.main_window - INFO - Status updated: Loading initial F1 data...
2025-06-24 12:37:59,409 - services.api_client - INFO - GET request to: http://api.jolpi.ca/ergast/f1/current/driverStandings.json
2025-06-24 12:37:59,409 - ui.main_window - INFO - Status updated: Loading F1 standings...
2025-06-24 12:38:00,701 - services.api_client - INFO - Successful response from http://api.jolpi.ca/ergast/f1/current/driverStandings.json
2025-06-24 12:38:00,701 - services.data_service - INFO - Loaded 21 driver standings
2025-06-24 12:38:00,722 - ui.widgets.f1_tab - INFO - Successfully loaded 21 standings
2025-06-24 12:38:00,722 - ui.main_window - INFO - Status updated: F1 standings updated (21 drivers)
2025-06-24 12:38:06,217 - ui.main_window - INFO - Application closing
2025-06-24 12:38:06,249 - __main__ - INFO - Application exited with code: 0
2025-06-24 13:01:01,032 - __main__ - INFO - Logging system initialized
2025-06-24 13:01:01,033 - __main__ - INFO - Starting F1 & MotoGP Dashboard application
2025-06-24 13:01:01,036 - __main__ - INFO - Application directories created
2025-06-24 13:01:01,143 - __main__ - INFO - Qt application configured
2025-06-24 13:01:02,678 - utils.i18n - INFO - Loaded translations for: en
2025-06-24 13:01:02,679 - utils.i18n - INFO - Loaded translations for: es
2025-06-24 13:01:02,692 - utils.i18n - INFO - Language changed from en to en
2025-06-24 13:01:02,776 - services.api_client - INFO - Initialized ErgastAPIClient with base URL: http://api.jolpi.ca/ergast/f1
2025-06-24 13:01:03,665 - __main__ - INFO - Main window created and shown
2025-06-24 13:01:03,666 - __main__ - INFO - Application ready - entering event loop
2025-06-24 13:01:04,205 - ui.main_window - INFO - Status updated: Loading initial F1 data...
2025-06-24 13:01:04,211 - services.api_client - INFO - GET request to: http://api.jolpi.ca/ergast/f1/current/driverStandings.json
2025-06-24 13:01:04,212 - ui.main_window - INFO - Status updated: Loading F1 standings...
2025-06-24 13:01:15,307 - services.api_client - ERROR - Request failed for http://api.jolpi.ca/ergast/f1/current/driverStandings.json: HTTPConnectionPool(host='api.jolpi.ca', port=80): Max retries exceeded with url: /ergast/f1/current/driverStandings.json (Caused by NameResolutionError("<urllib3.connection.HTTPConnection object at 0x0000020815FA2270>: Failed to resolve 'api.jolpi.ca' ([Errno 11001] getaddrinfo failed)"))
2025-06-24 13:01:15,308 - services.api_client - WARNING - Attempt 1 failed: Error accessing http://api.jolpi.ca/ergast/f1/current/driverStandings.json: HTTPConnectionPool(host='api.jolpi.ca', port=80): Max retries exceeded with url: /ergast/f1/current/driverStandings.json (Caused by NameResolutionError("<urllib3.connection.HTTPConnection object at 0x0000020815FA2270>: Failed to resolve 'api.jolpi.ca' ([Errno 11001] getaddrinfo failed)"))
2025-06-24 13:01:15,309 - services.api_client - WARNING - Switching to backup URL: https://api.jolpi.ca/ergast/f1
2025-06-24 13:01:15,309 - services.api_client - INFO - Retrying with backup URL: https://api.jolpi.ca/ergast/f1
2025-06-24 13:01:15,310 - services.api_client - INFO - GET request to: https://api.jolpi.ca/ergast/f1/current/driverStandings.json
2025-06-24 13:01:26,368 - services.api_client - ERROR - Request failed for https://api.jolpi.ca/ergast/f1/current/driverStandings.json: HTTPSConnectionPool(host='api.jolpi.ca', port=443): Max retries exceeded with url: /ergast/f1/current/driverStandings.json (Caused by NameResolutionError("<urllib3.connection.HTTPSConnection object at 0x0000020815FA27B0>: Failed to resolve 'api.jolpi.ca' ([Errno 11001] getaddrinfo failed)"))
2025-06-24 13:01:26,369 - services.api_client - WARNING - Attempt 2 failed: Error accessing https://api.jolpi.ca/ergast/f1/current/driverStandings.json: HTTPSConnectionPool(host='api.jolpi.ca', port=443): Max retries exceeded with url: /ergast/f1/current/driverStandings.json (Caused by NameResolutionError("<urllib3.connection.HTTPSConnection object at 0x0000020815FA27B0>: Failed to resolve 'api.jolpi.ca' ([Errno 11001] getaddrinfo failed)"))
2025-06-24 13:01:26,370 - services.api_client - WARNING - Switching to backup URL: http://api.jolpi.ca/ergast/f1
2025-06-24 13:01:26,370 - services.api_client - INFO - Retrying with backup URL: http://api.jolpi.ca/ergast/f1
2025-06-24 13:01:26,371 - services.api_client - INFO - GET request to: http://api.jolpi.ca/ergast/f1/current/driverStandings.json
2025-06-24 13:01:37,452 - services.api_client - ERROR - Request failed for http://api.jolpi.ca/ergast/f1/current/driverStandings.json: HTTPConnectionPool(host='api.jolpi.ca', port=80): Max retries exceeded with url: /ergast/f1/current/driverStandings.json (Caused by NameResolutionError("<urllib3.connection.HTTPConnection object at 0x0000020815FD4F50>: Failed to resolve 'api.jolpi.ca' ([Errno 11001] getaddrinfo failed)"))
2025-06-24 13:01:37,452 - services.api_client - WARNING - Attempt 3 failed: Error accessing http://api.jolpi.ca/ergast/f1/current/driverStandings.json: HTTPConnectionPool(host='api.jolpi.ca', port=80): Max retries exceeded with url: /ergast/f1/current/driverStandings.json (Caused by NameResolutionError("<urllib3.connection.HTTPConnection object at 0x0000020815FD4F50>: Failed to resolve 'api.jolpi.ca' ([Errno 11001] getaddrinfo failed)"))
2025-06-24 13:01:37,453 - services.data_service - ERROR - Error getting F1 standings: All API endpoints failed. Last error: Error accessing http://api.jolpi.ca/ergast/f1/current/driverStandings.json: HTTPConnectionPool(host='api.jolpi.ca', port=80): Max retries exceeded with url: /ergast/f1/current/driverStandings.json (Caused by NameResolutionError("<urllib3.connection.HTTPConnection object at 0x0000020815FD4F50>: Failed to resolve 'api.jolpi.ca' ([Errno 11001] getaddrinfo failed)"))
2025-06-24 13:01:37,454 - services.data_service - ERROR - Connection error: All API endpoints failed. Last error: Error accessing http://api.jolpi.ca/ergast/f1/current/driverStandings.json: HTTPConnectionPool(host='api.jolpi.ca', port=80): Max retries exceeded with url: /ergast/f1/current/driverStandings.json (Caused by NameResolutionError("<urllib3.connection.HTTPConnection object at 0x0000020815FD4F50>: Failed to resolve 'api.jolpi.ca' ([Errno 11001] getaddrinfo failed)"))
2025-06-24 13:01:58,388 - ui.main_window - INFO - Status updated: Error: Connection error: All API endpoints failed. Last error: Error accessing http://api.jolpi.ca/ergast/f1/current/driverStandings.json: HTTPConnectionPool(host='api.jolpi.ca', port=80): Max retries exceeded with url: /ergast/f1/current/driverStandings.json (Caused by NameResolutionError("<urllib3.connection.HTTPConnection object at 0x0000020815FD4F50>: Failed to resolve 'api.jolpi.ca' ([Errno 11001] getaddrinfo failed)"))
2025-06-24 13:02:04,507 - ui.main_window - INFO - Application closing
2025-06-24 13:02:04,560 - __main__ - INFO - Application exited with code: 0
2025-06-24 13:02:08,345 - __main__ - INFO - Logging system initialized
2025-06-24 13:02:08,345 - __main__ - INFO - Starting F1 & MotoGP Dashboard application
2025-06-24 13:02:08,346 - __main__ - INFO - Application directories created
2025-06-24 13:02:08,410 - __main__ - INFO - Qt application configured
2025-06-24 13:02:09,405 - utils.i18n - INFO - Loaded translations for: en
2025-06-24 13:02:09,406 - utils.i18n - INFO - Loaded translations for: es
2025-06-24 13:02:09,409 - utils.i18n - INFO - Language changed from en to en
2025-06-24 13:02:09,453 - services.api_client - INFO - Initialized ErgastAPIClient with base URL: http://api.jolpi.ca/ergast/f1
2025-06-24 13:02:09,982 - __main__ - INFO - Main window created and shown
2025-06-24 13:02:09,982 - __main__ - INFO - Application ready - entering event loop
2025-06-24 13:02:10,650 - ui.main_window - INFO - Status updated: Loading initial F1 data...
2025-06-24 13:02:10,655 - services.api_client - INFO - GET request to: http://api.jolpi.ca/ergast/f1/current/driverStandings.json
2025-06-24 13:02:10,657 - ui.main_window - INFO - Status updated: Loading F1 standings...
2025-06-24 13:02:11,766 - services.api_client - INFO - Successful response from http://api.jolpi.ca/ergast/f1/current/driverStandings.json
2025-06-24 13:02:11,767 - services.data_service - INFO - Loaded 21 driver standings
2025-06-24 13:02:11,795 - ui.widgets.f1_tab - INFO - Successfully loaded 21 standings
2025-06-24 13:02:11,796 - ui.main_window - INFO - Status updated: F1 standings updated (21 drivers)
2025-06-24 16:02:09,008 - __main__ - INFO - Logging system initialized
2025-06-24 16:02:09,008 - __main__ - INFO - Starting F1 & MotoGP Dashboard application
2025-06-24 16:02:09,009 - __main__ - INFO - Application directories created
2025-06-24 16:02:09,041 - __main__ - INFO - Qt application configured
2025-06-24 16:02:09,691 - utils.i18n - INFO - Loaded translations for: en
2025-06-24 16:02:09,692 - utils.i18n - INFO - Loaded translations for: es
2025-06-24 16:02:09,701 - utils.i18n - INFO - Language changed from en to en
2025-06-24 16:02:09,770 - services.api_client - INFO - Initialized ErgastAPIClient with base URL: http://api.jolpi.ca/ergast/f1
2025-06-24 16:02:10,202 - __main__ - INFO - Main window created and shown
2025-06-24 16:02:10,203 - __main__ - INFO - Application ready - entering event loop
2025-06-24 16:02:11,027 - ui.main_window - INFO - Status updated: Loading initial F1 data...
2025-06-24 16:02:11,031 - services.api_client - INFO - GET request to: http://api.jolpi.ca/ergast/f1/current/driverStandings.json
2025-06-24 16:02:11,032 - ui.main_window - INFO - Status updated: Loading F1 standings...
2025-06-24 16:02:14,656 - services.api_client - INFO - Successful response from http://api.jolpi.ca/ergast/f1/current/driverStandings.json
2025-06-24 16:02:14,656 - services.data_service - INFO - Loaded 21 driver standings
2025-06-24 16:02:14,669 - ui.widgets.f1_tab - INFO - Successfully loaded 21 standings
2025-06-24 16:02:14,670 - ui.main_window - INFO - Status updated: F1 standings updated (21 drivers)
2025-06-24 16:02:19,256 - ui.main_window - INFO - Application closing
2025-06-24 16:02:19,301 - __main__ - INFO - Application exited with code: 0
2025-06-24 16:16:20,181 - __main__ - INFO - Logging system initialized
2025-06-24 16:16:20,182 - __main__ - INFO - Starting F1 & MotoGP Dashboard application
2025-06-24 16:16:20,182 - __main__ - INFO - Application directories created
2025-06-24 16:16:20,219 - __main__ - INFO - Qt application configured
2025-06-24 16:16:20,737 - utils.i18n - INFO - Loaded translations for: en
2025-06-24 16:16:20,738 - utils.i18n - INFO - Loaded translations for: es
2025-06-24 16:16:20,740 - utils.i18n - INFO - Language changed from en to en
2025-06-24 16:16:20,763 - services.api_client - INFO - Initialized ErgastAPIClient with base URL: http://api.jolpi.ca/ergast/f1
2025-06-24 16:16:21,114 - __main__ - INFO - Main window created and shown
2025-06-24 16:16:21,115 - __main__ - INFO - Application ready - entering event loop
2025-06-24 16:16:21,891 - ui.main_window - INFO - Status updated: Loading initial F1 data...
2025-06-24 16:16:21,897 - services.api_client - INFO - GET request to: http://api.jolpi.ca/ergast/f1/current/driverStandings.json
2025-06-24 16:16:21,904 - ui.main_window - INFO - Status updated: Loading F1 standings...
2025-06-24 16:16:23,993 - services.api_client - INFO - Successful response from http://api.jolpi.ca/ergast/f1/current/driverStandings.json
2025-06-24 16:16:23,994 - services.data_service - INFO - Loaded 21 driver standings
2025-06-24 16:16:24,000 - ui.widgets.f1_tab - INFO - Successfully loaded 21 standings
2025-06-24 16:16:24,001 - ui.main_window - INFO - Status updated: F1 standings updated (21 drivers)
2025-06-24 16:16:31,209 - ui.main_window - INFO - Status updated: Active tab: MotoGP
2025-06-24 16:16:32,037 - ui.main_window - INFO - Status updated: Active tab: Formula 1
2025-06-24 16:16:38,022 - services.api_client - INFO - GET request to: http://api.jolpi.ca/ergast/f1/2025.json
2025-06-24 16:16:38,022 - ui.main_window - INFO - Status updated: Loading race calendar...
2025-06-24 16:16:38,750 - services.api_client - INFO - Successful response from http://api.jolpi.ca/ergast/f1/2025.json
2025-06-24 16:16:39,023 - services.api_client - INFO - GET request to: http://api.jolpi.ca/ergast/f1/2025/1/results.json
2025-06-24 16:16:40,004 - services.api_client - INFO - Successful response from http://api.jolpi.ca/ergast/f1/2025/1/results.json
2025-06-24 16:16:40,023 - services.api_client - INFO - GET request to: http://api.jolpi.ca/ergast/f1/2025/2/results.json
2025-06-24 16:16:40,817 - services.api_client - INFO - Successful response from http://api.jolpi.ca/ergast/f1/2025/2/results.json
2025-06-24 16:16:41,024 - services.api_client - INFO - GET request to: http://api.jolpi.ca/ergast/f1/2025/3/results.json
2025-06-24 16:16:41,821 - services.api_client - INFO - Successful response from http://api.jolpi.ca/ergast/f1/2025/3/results.json
2025-06-24 16:16:42,025 - services.api_client - INFO - GET request to: http://api.jolpi.ca/ergast/f1/2025/4/results.json
2025-06-24 16:16:43,078 - services.api_client - INFO - Successful response from http://api.jolpi.ca/ergast/f1/2025/4/results.json
2025-06-24 16:16:43,079 - services.api_client - INFO - GET request to: http://api.jolpi.ca/ergast/f1/2025/5/results.json
2025-06-24 16:16:44,057 - services.api_client - INFO - Successful response from http://api.jolpi.ca/ergast/f1/2025/5/results.json
2025-06-24 16:16:44,079 - services.api_client - INFO - GET request to: http://api.jolpi.ca/ergast/f1/2025/6/results.json
2025-06-24 16:16:44,872 - services.api_client - INFO - Successful response from http://api.jolpi.ca/ergast/f1/2025/6/results.json
2025-06-24 16:16:45,079 - services.api_client - INFO - GET request to: http://api.jolpi.ca/ergast/f1/2025/7/results.json
2025-06-24 16:16:45,888 - services.api_client - INFO - Successful response from http://api.jolpi.ca/ergast/f1/2025/7/results.json
2025-06-24 16:16:46,080 - services.api_client - INFO - GET request to: http://api.jolpi.ca/ergast/f1/2025/8/results.json
2025-06-24 16:16:46,883 - services.api_client - INFO - Successful response from http://api.jolpi.ca/ergast/f1/2025/8/results.json
2025-06-24 16:16:47,081 - services.api_client - INFO - GET request to: http://api.jolpi.ca/ergast/f1/2025/9/results.json
2025-06-24 16:16:47,879 - services.api_client - INFO - Successful response from http://api.jolpi.ca/ergast/f1/2025/9/results.json
2025-06-24 16:16:48,082 - services.api_client - INFO - GET request to: http://api.jolpi.ca/ergast/f1/2025/10/results.json
2025-06-24 16:16:48,873 - services.api_client - INFO - Successful response from http://api.jolpi.ca/ergast/f1/2025/10/results.json
2025-06-24 16:16:49,083 - services.api_client - INFO - GET request to: http://api.jolpi.ca/ergast/f1/2025/11/results.json
2025-06-24 16:16:49,819 - services.api_client - INFO - Successful response from http://api.jolpi.ca/ergast/f1/2025/11/results.json
2025-06-24 16:16:50,083 - services.api_client - INFO - GET request to: http://api.jolpi.ca/ergast/f1/2025/12/results.json
2025-06-24 16:16:50,815 - services.api_client - INFO - Successful response from http://api.jolpi.ca/ergast/f1/2025/12/results.json
2025-06-24 16:16:51,084 - services.api_client - INFO - GET request to: http://api.jolpi.ca/ergast/f1/2025/13/results.json
2025-06-24 16:16:51,821 - services.api_client - INFO - Successful response from http://api.jolpi.ca/ergast/f1/2025/13/results.json
2025-06-24 16:16:52,084 - services.api_client - INFO - GET request to: http://api.jolpi.ca/ergast/f1/2025/14/results.json
2025-06-24 16:16:53,024 - services.api_client - INFO - Successful response from http://api.jolpi.ca/ergast/f1/2025/14/results.json
2025-06-24 16:16:53,085 - services.api_client - INFO - GET request to: http://api.jolpi.ca/ergast/f1/2025/15/results.json
2025-06-24 16:16:54,066 - services.api_client - INFO - Successful response from http://api.jolpi.ca/ergast/f1/2025/15/results.json
2025-06-24 16:16:54,085 - services.api_client - INFO - GET request to: http://api.jolpi.ca/ergast/f1/2025/16/results.json
2025-06-24 16:16:54,835 - services.api_client - INFO - Successful response from http://api.jolpi.ca/ergast/f1/2025/16/results.json
2025-06-24 16:16:55,086 - services.api_client - INFO - GET request to: http://api.jolpi.ca/ergast/f1/2025/17/results.json
2025-06-24 16:16:55,818 - services.api_client - INFO - Successful response from http://api.jolpi.ca/ergast/f1/2025/17/results.json
2025-06-24 16:16:56,086 - services.api_client - INFO - GET request to: http://api.jolpi.ca/ergast/f1/2025/18/results.json
2025-06-24 16:16:56,820 - services.api_client - INFO - Successful response from http://api.jolpi.ca/ergast/f1/2025/18/results.json
2025-06-24 16:16:57,086 - services.api_client - INFO - GET request to: http://api.jolpi.ca/ergast/f1/2025/19/results.json
2025-06-24 16:16:57,822 - services.api_client - INFO - Successful response from http://api.jolpi.ca/ergast/f1/2025/19/results.json
2025-06-24 16:16:58,087 - services.api_client - INFO - GET request to: http://api.jolpi.ca/ergast/f1/2025/20/results.json
2025-06-24 16:16:58,832 - services.api_client - INFO - Successful response from http://api.jolpi.ca/ergast/f1/2025/20/results.json
2025-06-24 16:16:59,087 - services.api_client - INFO - GET request to: http://api.jolpi.ca/ergast/f1/2025/21/results.json
2025-06-24 16:17:01,255 - services.api_client - INFO - Successful response from http://api.jolpi.ca/ergast/f1/2025/21/results.json
2025-06-24 16:17:01,256 - services.api_client - INFO - GET request to: http://api.jolpi.ca/ergast/f1/2025/22/results.json
2025-06-24 16:17:01,991 - services.api_client - INFO - Successful response from http://api.jolpi.ca/ergast/f1/2025/22/results.json
2025-06-24 16:17:02,257 - services.api_client - INFO - GET request to: http://api.jolpi.ca/ergast/f1/2025/23/results.json
2025-06-24 16:17:03,207 - services.api_client - INFO - Successful response from http://api.jolpi.ca/ergast/f1/2025/23/results.json
2025-06-24 16:17:03,257 - services.api_client - INFO - GET request to: http://api.jolpi.ca/ergast/f1/2025/24/results.json
2025-06-24 16:17:03,992 - services.api_client - INFO - Successful response from http://api.jolpi.ca/ergast/f1/2025/24/results.json
2025-06-24 16:17:03,992 - services.data_service - INFO - Loaded 24 races for 2025
2025-06-24 16:17:03,999 - ui.main_window - INFO - Status updated: Calendar updated - 24 races
2025-06-24 16:20:07,286 - ui.main_window - INFO - Application closing
2025-06-24 16:20:07,317 - __main__ - INFO - Application exited with code: 0
2025-06-25 11:59:51,862 - __main__ - INFO - Logging system initialized
2025-06-25 11:59:51,862 - __main__ - INFO - Starting F1 & MotoGP Dashboard application
2025-06-25 11:59:51,863 - __main__ - INFO - Application directories created
2025-06-25 11:59:51,948 - __main__ - INFO - Qt application configured
2025-06-25 11:59:52,678 - utils.i18n - INFO - Loaded translations for: en
2025-06-25 11:59:52,678 - utils.i18n - INFO - Loaded translations for: es
2025-06-25 11:59:52,684 - utils.i18n - INFO - Language changed from en to en
2025-06-25 11:59:52,756 - services.api_client - INFO - Initialized ErgastAPIClient with base URL: http://api.jolpi.ca/ergast/f1
2025-06-25 11:59:53,310 - __main__ - INFO - Main window created and shown
2025-06-25 11:59:53,310 - __main__ - INFO - Application ready - entering event loop
2025-06-25 11:59:54,082 - ui.main_window - INFO - Status updated: Loading initial F1 data...
2025-06-25 11:59:54,093 - services.api_client - INFO - GET request to: http://api.jolpi.ca/ergast/f1/current/driverStandings.json
2025-06-25 11:59:54,096 - ui.main_window - INFO - Status updated: Loading F1 standings...
2025-06-25 11:59:55,432 - services.api_client - INFO - Successful response from http://api.jolpi.ca/ergast/f1/current/driverStandings.json
2025-06-25 11:59:55,434 - services.data_service - INFO - Loaded 21 driver standings
2025-06-25 11:59:55,450 - ui.widgets.f1_tab - INFO - Successfully loaded 21 standings
2025-06-25 11:59:55,451 - ui.main_window - INFO - Status updated: F1 standings updated (21 drivers)
2025-06-25 11:59:56,091 - services.api_client - INFO - GET request to: http://api.jolpi.ca/ergast/f1/2025.json
2025-06-25 11:59:56,091 - ui.main_window - INFO - Status updated: Loading race calendar...
2025-06-25 11:59:56,520 - services.api_client - INFO - Successful response from http://api.jolpi.ca/ergast/f1/2025.json
2025-06-25 11:59:57,091 - services.api_client - INFO - GET request to: http://api.jolpi.ca/ergast/f1/2025/1/results.json
2025-06-25 11:59:57,780 - services.api_client - INFO - Successful response from http://api.jolpi.ca/ergast/f1/2025/1/results.json
2025-06-25 11:59:58,092 - services.api_client - INFO - GET request to: http://api.jolpi.ca/ergast/f1/2025/2/results.json
2025-06-25 11:59:58,783 - services.api_client - INFO - Successful response from http://api.jolpi.ca/ergast/f1/2025/2/results.json
2025-06-25 11:59:59,093 - services.api_client - INFO - GET request to: http://api.jolpi.ca/ergast/f1/2025/3/results.json
2025-06-25 12:00:00,527 - services.api_client - INFO - Successful response from http://api.jolpi.ca/ergast/f1/2025/3/results.json
2025-06-25 12:00:00,527 - services.api_client - INFO - GET request to: http://api.jolpi.ca/ergast/f1/2025/4/results.json
2025-06-25 12:00:01,841 - services.api_client - INFO - Successful response from http://api.jolpi.ca/ergast/f1/2025/4/results.json
2025-06-25 12:00:01,841 - services.api_client - INFO - GET request to: http://api.jolpi.ca/ergast/f1/2025/5/results.json
2025-06-25 12:00:03,140 - services.api_client - INFO - Successful response from http://api.jolpi.ca/ergast/f1/2025/5/results.json
2025-06-25 12:00:03,141 - services.api_client - INFO - GET request to: http://api.jolpi.ca/ergast/f1/2025/6/results.json
2025-06-25 12:00:03,765 - services.api_client - INFO - Successful response from http://api.jolpi.ca/ergast/f1/2025/6/results.json
2025-06-25 12:00:04,142 - services.api_client - INFO - GET request to: http://api.jolpi.ca/ergast/f1/2025/7/results.json
2025-06-25 12:00:04,658 - services.api_client - INFO - Successful response from http://api.jolpi.ca/ergast/f1/2025/7/results.json
2025-06-25 12:00:05,142 - services.api_client - INFO - GET request to: http://api.jolpi.ca/ergast/f1/2025/8/results.json
2025-06-25 12:00:05,868 - services.api_client - INFO - Successful response from http://api.jolpi.ca/ergast/f1/2025/8/results.json
2025-06-25 12:00:06,142 - services.api_client - INFO - GET request to: http://api.jolpi.ca/ergast/f1/2025/9/results.json
2025-06-25 12:00:06,643 - services.api_client - INFO - Successful response from http://api.jolpi.ca/ergast/f1/2025/9/results.json
2025-06-25 12:00:07,142 - services.api_client - INFO - GET request to: http://api.jolpi.ca/ergast/f1/2025/10/results.json
2025-06-25 12:00:07,571 - services.api_client - INFO - Successful response from http://api.jolpi.ca/ergast/f1/2025/10/results.json
2025-06-25 12:00:08,143 - services.api_client - INFO - GET request to: http://api.jolpi.ca/ergast/f1/2025/11/results.json
2025-06-25 12:00:08,569 - services.api_client - INFO - Successful response from http://api.jolpi.ca/ergast/f1/2025/11/results.json
2025-06-25 12:00:09,144 - services.api_client - INFO - GET request to: http://api.jolpi.ca/ergast/f1/2025/12/results.json
2025-06-25 12:00:09,591 - services.api_client - INFO - Successful response from http://api.jolpi.ca/ergast/f1/2025/12/results.json
2025-06-25 12:00:10,144 - services.api_client - INFO - GET request to: http://api.jolpi.ca/ergast/f1/2025/13/results.json
2025-06-25 12:00:10,584 - services.api_client - INFO - Successful response from http://api.jolpi.ca/ergast/f1/2025/13/results.json
2025-06-25 12:00:11,144 - services.api_client - INFO - GET request to: http://api.jolpi.ca/ergast/f1/2025/14/results.json
2025-06-25 12:00:11,587 - services.api_client - INFO - Successful response from http://api.jolpi.ca/ergast/f1/2025/14/results.json
2025-06-25 12:00:12,145 - services.api_client - INFO - GET request to: http://api.jolpi.ca/ergast/f1/2025/15/results.json
2025-06-25 12:00:12,599 - services.api_client - INFO - Successful response from http://api.jolpi.ca/ergast/f1/2025/15/results.json
2025-06-25 12:00:13,145 - services.api_client - INFO - GET request to: http://api.jolpi.ca/ergast/f1/2025/16/results.json
2025-06-25 12:00:13,595 - services.api_client - INFO - Successful response from http://api.jolpi.ca/ergast/f1/2025/16/results.json
2025-06-25 12:00:14,145 - services.api_client - INFO - GET request to: http://api.jolpi.ca/ergast/f1/2025/17/results.json
2025-06-25 12:00:14,592 - services.api_client - INFO - Successful response from http://api.jolpi.ca/ergast/f1/2025/17/results.json
2025-06-25 12:00:15,146 - services.api_client - INFO - GET request to: http://api.jolpi.ca/ergast/f1/2025/18/results.json
2025-06-25 12:00:15,594 - services.api_client - INFO - Successful response from http://api.jolpi.ca/ergast/f1/2025/18/results.json
2025-06-25 12:00:16,146 - services.api_client - INFO - GET request to: http://api.jolpi.ca/ergast/f1/2025/19/results.json
2025-06-25 12:00:16,591 - services.api_client - INFO - Successful response from http://api.jolpi.ca/ergast/f1/2025/19/results.json
2025-06-25 12:00:17,147 - services.api_client - INFO - GET request to: http://api.jolpi.ca/ergast/f1/2025/20/results.json
2025-06-25 12:00:17,591 - services.api_client - INFO - Successful response from http://api.jolpi.ca/ergast/f1/2025/20/results.json
2025-06-25 12:00:18,148 - services.api_client - INFO - GET request to: http://api.jolpi.ca/ergast/f1/2025/21/results.json
2025-06-25 12:00:18,590 - services.api_client - INFO - Successful response from http://api.jolpi.ca/ergast/f1/2025/21/results.json
2025-06-25 12:00:19,149 - services.api_client - INFO - GET request to: http://api.jolpi.ca/ergast/f1/2025/22/results.json
2025-06-25 12:00:19,586 - services.api_client - INFO - Successful response from http://api.jolpi.ca/ergast/f1/2025/22/results.json
2025-06-25 12:00:20,149 - services.api_client - INFO - GET request to: http://api.jolpi.ca/ergast/f1/2025/23/results.json
2025-06-25 12:00:20,594 - services.api_client - INFO - Successful response from http://api.jolpi.ca/ergast/f1/2025/23/results.json
2025-06-25 12:00:21,150 - services.api_client - INFO - GET request to: http://api.jolpi.ca/ergast/f1/2025/24/results.json
2025-06-25 12:00:21,589 - services.api_client - INFO - Successful response from http://api.jolpi.ca/ergast/f1/2025/24/results.json
2025-06-25 12:00:21,590 - services.data_service - INFO - Loaded 24 races for 2025
2025-06-25 12:00:21,594 - ui.main_window - INFO - Status updated: Calendar updated - 24 races
2025-06-25 12:04:04,815 - ui.main_window - INFO - Application closing
2025-06-25 12:04:04,864 - __main__ - INFO - Application exited with code: 0
2025-06-25 12:04:12,477 - __main__ - INFO - Logging system initialized
2025-06-25 12:04:12,478 - __main__ - INFO - Starting F1 & MotoGP Dashboard application
2025-06-25 12:04:12,478 - __main__ - INFO - Application directories created
2025-06-25 12:04:12,516 - __main__ - INFO - Qt application configured
2025-06-25 12:04:13,058 - utils.i18n - INFO - Loaded translations for: en
2025-06-25 12:04:13,059 - utils.i18n - INFO - Loaded translations for: es
2025-06-25 12:04:13,060 - utils.i18n - INFO - Language changed from en to en
2025-06-25 12:04:13,087 - services.api_client - INFO - Initialized ErgastAPIClient with base URL: http://api.jolpi.ca/ergast/f1
2025-06-25 12:04:13,450 - __main__ - INFO - Main window created and shown
2025-06-25 12:04:13,451 - __main__ - INFO - Application ready - entering event loop
2025-06-25 12:04:14,236 - ui.main_window - INFO - Status updated: Loading initial F1 data...
2025-06-25 12:04:14,238 - services.api_client - INFO - GET request to: http://api.jolpi.ca/ergast/f1/current/driverStandings.json
2025-06-25 12:04:14,238 - ui.main_window - INFO - Status updated: Loading F1 standings...
2025-06-25 12:04:15,328 - services.api_client - INFO - Successful response from http://api.jolpi.ca/ergast/f1/current/driverStandings.json
2025-06-25 12:04:15,328 - services.data_service - INFO - Loaded 21 driver standings
2025-06-25 12:04:15,333 - ui.widgets.f1_tab - ERROR - Error updating table: setBackground(self, brush: Union[QBrush, Union[QColor, Qt.GlobalColor, int], QGradient]): argument 1 has unexpected type 'str'
2025-06-25 12:04:19,244 - ui.main_window - INFO - Status updated: Error: Error displaying data: setBackground(self, brush: Union[QBrush, Union[QColor, Qt.GlobalColor, int], QGradient]): argument 1 has unexpected type 'str'
2025-06-25 12:04:31,847 - ui.main_window - INFO - Application closing
2025-06-25 12:04:31,893 - __main__ - INFO - Application exited with code: 0
2025-06-25 12:04:39,814 - __main__ - INFO - Logging system initialized
2025-06-25 12:04:39,815 - __main__ - INFO - Starting F1 & MotoGP Dashboard application
2025-06-25 12:04:39,815 - __main__ - INFO - Application directories created
2025-06-25 12:04:39,854 - __main__ - INFO - Qt application configured
2025-06-25 12:04:40,377 - utils.i18n - INFO - Loaded translations for: en
2025-06-25 12:04:40,377 - utils.i18n - INFO - Loaded translations for: es
2025-06-25 12:04:40,379 - utils.i18n - INFO - Language changed from en to en
2025-06-25 12:04:40,409 - services.api_client - INFO - Initialized ErgastAPIClient with base URL: http://api.jolpi.ca/ergast/f1
2025-06-25 12:04:40,930 - __main__ - INFO - Main window created and shown
2025-06-25 12:04:40,931 - __main__ - INFO - Application ready - entering event loop
2025-06-25 12:04:41,691 - ui.main_window - INFO - Status updated: Loading initial F1 data...
2025-06-25 12:04:41,699 - services.api_client - INFO - GET request to: http://api.jolpi.ca/ergast/f1/current/driverStandings.json
2025-06-25 12:04:41,720 - ui.main_window - INFO - Status updated: Loading F1 standings...
2025-06-25 12:04:42,788 - services.api_client - INFO - Successful response from http://api.jolpi.ca/ergast/f1/current/driverStandings.json
2025-06-25 12:04:42,788 - services.data_service - INFO - Loaded 21 driver standings
2025-06-25 12:04:42,790 - ui.widgets.f1_tab - ERROR - Error updating table: setBackground(self, brush: Union[QBrush, Union[QColor, Qt.GlobalColor, int], QGradient]): argument 1 has unexpected type 'str'
2025-06-25 12:05:01,520 - ui.main_window - INFO - Status updated: Error: Error displaying data: setBackground(self, brush: Union[QBrush, Union[QColor, Qt.GlobalColor, int], QGradient]): argument 1 has unexpected type 'str'
2025-06-25 12:05:03,870 - services.api_client - INFO - GET request to: http://api.jolpi.ca/ergast/f1/2025.json
2025-06-25 12:05:03,871 - ui.main_window - INFO - Status updated: Loading race calendar...
2025-06-25 12:05:04,300 - services.api_client - INFO - Successful response from http://api.jolpi.ca/ergast/f1/2025.json
2025-06-25 12:05:04,871 - services.api_client - INFO - GET request to: http://api.jolpi.ca/ergast/f1/2025/1/results.json
2025-06-25 12:05:05,299 - services.api_client - INFO - Successful response from http://api.jolpi.ca/ergast/f1/2025/1/results.json
2025-06-25 12:05:05,871 - services.api_client - INFO - GET request to: http://api.jolpi.ca/ergast/f1/2025/2/results.json
2025-06-25 12:05:06,297 - services.api_client - INFO - Successful response from http://api.jolpi.ca/ergast/f1/2025/2/results.json
2025-06-25 12:05:06,872 - services.api_client - INFO - GET request to: http://api.jolpi.ca/ergast/f1/2025/3/results.json
2025-06-25 12:05:07,321 - services.api_client - INFO - Successful response from http://api.jolpi.ca/ergast/f1/2025/3/results.json
2025-06-25 12:05:07,872 - services.api_client - INFO - GET request to: http://api.jolpi.ca/ergast/f1/2025/4/results.json
2025-06-25 12:05:08,303 - services.api_client - INFO - Successful response from http://api.jolpi.ca/ergast/f1/2025/4/results.json
2025-06-25 12:05:08,873 - services.api_client - INFO - GET request to: http://api.jolpi.ca/ergast/f1/2025/5/results.json
2025-06-25 12:05:09,299 - services.api_client - INFO - Successful response from http://api.jolpi.ca/ergast/f1/2025/5/results.json
2025-06-25 12:05:09,874 - services.api_client - INFO - GET request to: http://api.jolpi.ca/ergast/f1/2025/6/results.json
2025-06-25 12:05:10,301 - services.api_client - INFO - Successful response from http://api.jolpi.ca/ergast/f1/2025/6/results.json
2025-06-25 12:05:10,875 - services.api_client - INFO - GET request to: http://api.jolpi.ca/ergast/f1/2025/7/results.json
2025-06-25 12:05:11,301 - services.api_client - INFO - Successful response from http://api.jolpi.ca/ergast/f1/2025/7/results.json
2025-06-25 12:05:11,875 - services.api_client - INFO - GET request to: http://api.jolpi.ca/ergast/f1/2025/8/results.json
2025-06-25 12:05:12,307 - services.api_client - INFO - Successful response from http://api.jolpi.ca/ergast/f1/2025/8/results.json
2025-06-25 12:05:12,875 - services.api_client - INFO - GET request to: http://api.jolpi.ca/ergast/f1/2025/9/results.json
2025-06-25 12:05:13,301 - services.api_client - INFO - Successful response from http://api.jolpi.ca/ergast/f1/2025/9/results.json
2025-06-25 12:05:13,877 - services.api_client - INFO - GET request to: http://api.jolpi.ca/ergast/f1/2025/10/results.json
2025-06-25 12:05:14,308 - services.api_client - INFO - Successful response from http://api.jolpi.ca/ergast/f1/2025/10/results.json
2025-06-25 12:05:14,877 - services.api_client - INFO - GET request to: http://api.jolpi.ca/ergast/f1/2025/11/results.json
2025-06-25 12:05:15,304 - services.api_client - INFO - Successful response from http://api.jolpi.ca/ergast/f1/2025/11/results.json
2025-06-25 12:05:15,878 - services.api_client - INFO - GET request to: http://api.jolpi.ca/ergast/f1/2025/12/results.json
2025-06-25 12:05:16,304 - services.api_client - INFO - Successful response from http://api.jolpi.ca/ergast/f1/2025/12/results.json
2025-06-25 12:05:16,879 - services.api_client - INFO - GET request to: http://api.jolpi.ca/ergast/f1/2025/13/results.json
2025-06-25 12:05:17,304 - services.api_client - INFO - Successful response from http://api.jolpi.ca/ergast/f1/2025/13/results.json
2025-06-25 12:05:17,879 - services.api_client - INFO - GET request to: http://api.jolpi.ca/ergast/f1/2025/14/results.json
2025-06-25 12:05:18,307 - services.api_client - INFO - Successful response from http://api.jolpi.ca/ergast/f1/2025/14/results.json
2025-06-25 12:05:18,880 - services.api_client - INFO - GET request to: http://api.jolpi.ca/ergast/f1/2025/15/results.json
2025-06-25 12:05:19,309 - services.api_client - INFO - Successful response from http://api.jolpi.ca/ergast/f1/2025/15/results.json
2025-06-25 12:05:19,880 - services.api_client - INFO - GET request to: http://api.jolpi.ca/ergast/f1/2025/16/results.json
2025-06-25 12:05:20,314 - services.api_client - INFO - Successful response from http://api.jolpi.ca/ergast/f1/2025/16/results.json
2025-06-25 12:05:20,881 - services.api_client - INFO - GET request to: http://api.jolpi.ca/ergast/f1/2025/17/results.json
2025-06-25 12:05:21,309 - services.api_client - INFO - Successful response from http://api.jolpi.ca/ergast/f1/2025/17/results.json
2025-06-25 12:05:21,881 - services.api_client - INFO - GET request to: http://api.jolpi.ca/ergast/f1/2025/18/results.json
2025-06-25 12:05:22,307 - services.api_client - INFO - Successful response from http://api.jolpi.ca/ergast/f1/2025/18/results.json
2025-06-25 12:05:22,881 - services.api_client - INFO - GET request to: http://api.jolpi.ca/ergast/f1/2025/19/results.json
2025-06-25 12:05:23,307 - services.api_client - INFO - Successful response from http://api.jolpi.ca/ergast/f1/2025/19/results.json
2025-06-25 12:05:23,882 - services.api_client - INFO - GET request to: http://api.jolpi.ca/ergast/f1/2025/20/results.json
2025-06-25 12:05:24,307 - services.api_client - INFO - Successful response from http://api.jolpi.ca/ergast/f1/2025/20/results.json
2025-06-25 12:05:24,883 - services.api_client - INFO - GET request to: http://api.jolpi.ca/ergast/f1/2025/21/results.json
2025-06-25 12:05:25,308 - services.api_client - INFO - Successful response from http://api.jolpi.ca/ergast/f1/2025/21/results.json
2025-06-25 12:05:25,883 - services.api_client - INFO - GET request to: http://api.jolpi.ca/ergast/f1/2025/22/results.json
2025-06-25 12:05:26,309 - services.api_client - INFO - Successful response from http://api.jolpi.ca/ergast/f1/2025/22/results.json
2025-06-25 12:05:26,883 - services.api_client - INFO - GET request to: http://api.jolpi.ca/ergast/f1/2025/23/results.json
2025-06-25 12:05:27,312 - services.api_client - INFO - Successful response from http://api.jolpi.ca/ergast/f1/2025/23/results.json
2025-06-25 12:05:27,884 - services.api_client - INFO - GET request to: http://api.jolpi.ca/ergast/f1/2025/24/results.json
2025-06-25 12:05:28,310 - services.api_client - INFO - Successful response from http://api.jolpi.ca/ergast/f1/2025/24/results.json
2025-06-25 12:05:28,311 - services.data_service - INFO - Loaded 24 races for 2025
2025-06-25 12:05:28,316 - ui.main_window - INFO - Status updated: Calendar updated - 24 races
2025-06-25 12:05:39,490 - ui.main_window - INFO - Application closing
2025-06-25 12:05:39,549 - __main__ - INFO - Application exited with code: 0
2025-06-25 12:06:06,594 - __main__ - INFO - Logging system initialized
2025-06-25 12:06:06,594 - __main__ - INFO - Starting F1 & MotoGP Dashboard application
2025-06-25 12:06:06,595 - __main__ - INFO - Application directories created
2025-06-25 12:06:06,635 - __main__ - INFO - Qt application configured
2025-06-25 12:06:07,249 - utils.i18n - INFO - Loaded translations for: en
2025-06-25 12:06:07,250 - utils.i18n - INFO - Loaded translations for: es
2025-06-25 12:06:07,252 - utils.i18n - INFO - Language changed from en to en
2025-06-25 12:06:07,275 - services.api_client - INFO - Initialized ErgastAPIClient with base URL: http://api.jolpi.ca/ergast/f1
2025-06-25 12:06:07,633 - __main__ - INFO - Main window created and shown
2025-06-25 12:06:07,633 - __main__ - INFO - Application ready - entering event loop
2025-06-25 12:06:08,443 - ui.main_window - INFO - Status updated: Loading initial F1 data...
2025-06-25 12:06:08,445 - services.api_client - INFO - GET request to: http://api.jolpi.ca/ergast/f1/current/driverStandings.json
2025-06-25 12:06:08,446 - ui.main_window - INFO - Status updated: Loading F1 standings...
2025-06-25 12:06:09,553 - services.api_client - INFO - Successful response from http://api.jolpi.ca/ergast/f1/current/driverStandings.json
2025-06-25 12:06:09,554 - services.data_service - INFO - Loaded 21 driver standings
2025-06-25 12:06:09,557 - ui.widgets.f1_tab - INFO - Successfully loaded 21 standings
2025-06-25 12:06:09,557 - ui.main_window - INFO - Status updated: F1 standings updated (21 drivers)
2025-06-25 12:06:14,855 - services.api_client - INFO - GET request to: http://api.jolpi.ca/ergast/f1/2025.json
2025-06-25 12:06:14,855 - ui.main_window - INFO - Status updated: Loading race calendar...
2025-06-25 12:06:15,280 - services.api_client - INFO - Successful response from http://api.jolpi.ca/ergast/f1/2025.json
2025-06-25 12:06:15,855 - services.api_client - INFO - GET request to: http://api.jolpi.ca/ergast/f1/2025/1/results.json
2025-06-25 12:06:16,286 - services.api_client - INFO - Successful response from http://api.jolpi.ca/ergast/f1/2025/1/results.json
2025-06-25 12:06:16,855 - services.api_client - INFO - GET request to: http://api.jolpi.ca/ergast/f1/2025/2/results.json
2025-06-25 12:06:17,285 - services.api_client - INFO - Successful response from http://api.jolpi.ca/ergast/f1/2025/2/results.json
2025-06-25 12:06:17,856 - services.api_client - INFO - GET request to: http://api.jolpi.ca/ergast/f1/2025/3/results.json
2025-06-25 12:06:18,286 - services.api_client - INFO - Successful response from http://api.jolpi.ca/ergast/f1/2025/3/results.json
2025-06-25 12:06:18,857 - services.api_client - INFO - GET request to: http://api.jolpi.ca/ergast/f1/2025/4/results.json
2025-06-25 12:06:19,285 - services.api_client - INFO - Successful response from http://api.jolpi.ca/ergast/f1/2025/4/results.json
2025-06-25 12:06:19,858 - services.api_client - INFO - GET request to: http://api.jolpi.ca/ergast/f1/2025/5/results.json
2025-06-25 12:06:20,286 - services.api_client - INFO - Successful response from http://api.jolpi.ca/ergast/f1/2025/5/results.json
2025-06-25 12:06:20,858 - services.api_client - INFO - GET request to: http://api.jolpi.ca/ergast/f1/2025/6/results.json
2025-06-25 12:06:21,285 - services.api_client - INFO - Successful response from http://api.jolpi.ca/ergast/f1/2025/6/results.json
2025-06-25 12:06:21,860 - services.api_client - INFO - GET request to: http://api.jolpi.ca/ergast/f1/2025/7/results.json
2025-06-25 12:06:22,296 - services.api_client - INFO - Successful response from http://api.jolpi.ca/ergast/f1/2025/7/results.json
2025-06-25 12:06:22,860 - services.api_client - INFO - GET request to: http://api.jolpi.ca/ergast/f1/2025/8/results.json
2025-06-25 12:06:23,291 - services.api_client - INFO - Successful response from http://api.jolpi.ca/ergast/f1/2025/8/results.json
2025-06-25 12:06:23,860 - services.api_client - INFO - GET request to: http://api.jolpi.ca/ergast/f1/2025/9/results.json
2025-06-25 12:06:24,297 - services.api_client - INFO - Successful response from http://api.jolpi.ca/ergast/f1/2025/9/results.json
2025-06-25 12:06:24,861 - services.api_client - INFO - GET request to: http://api.jolpi.ca/ergast/f1/2025/10/results.json
2025-06-25 12:06:25,566 - services.api_client - INFO - Successful response from http://api.jolpi.ca/ergast/f1/2025/10/results.json
2025-06-25 12:06:25,861 - services.api_client - INFO - GET request to: http://api.jolpi.ca/ergast/f1/2025/11/results.json
2025-06-25 12:06:26,498 - services.api_client - INFO - Successful response from http://api.jolpi.ca/ergast/f1/2025/11/results.json
2025-06-25 12:06:26,863 - services.api_client - INFO - GET request to: http://api.jolpi.ca/ergast/f1/2025/12/results.json
2025-06-25 12:06:27,289 - services.api_client - INFO - Successful response from http://api.jolpi.ca/ergast/f1/2025/12/results.json
2025-06-25 12:06:27,864 - services.api_client - INFO - GET request to: http://api.jolpi.ca/ergast/f1/2025/13/results.json
2025-06-25 12:06:28,294 - services.api_client - INFO - Successful response from http://api.jolpi.ca/ergast/f1/2025/13/results.json
2025-06-25 12:06:28,864 - services.api_client - INFO - GET request to: http://api.jolpi.ca/ergast/f1/2025/14/results.json
2025-06-25 12:06:29,293 - services.api_client - INFO - Successful response from http://api.jolpi.ca/ergast/f1/2025/14/results.json
2025-06-25 12:06:29,865 - services.api_client - INFO - GET request to: http://api.jolpi.ca/ergast/f1/2025/15/results.json
2025-06-25 12:06:30,295 - services.api_client - INFO - Successful response from http://api.jolpi.ca/ergast/f1/2025/15/results.json
2025-06-25 12:06:30,866 - services.api_client - INFO - GET request to: http://api.jolpi.ca/ergast/f1/2025/16/results.json
2025-06-25 12:06:31,302 - services.api_client - INFO - Successful response from http://api.jolpi.ca/ergast/f1/2025/16/results.json
2025-06-25 12:06:31,867 - services.api_client - INFO - GET request to: http://api.jolpi.ca/ergast/f1/2025/17/results.json
2025-06-25 12:06:32,296 - services.api_client - INFO - Successful response from http://api.jolpi.ca/ergast/f1/2025/17/results.json
2025-06-25 12:06:32,867 - services.api_client - INFO - GET request to: http://api.jolpi.ca/ergast/f1/2025/18/results.json
2025-06-25 12:06:33,300 - services.api_client - INFO - Successful response from http://api.jolpi.ca/ergast/f1/2025/18/results.json
2025-06-25 12:06:33,868 - services.api_client - INFO - GET request to: http://api.jolpi.ca/ergast/f1/2025/19/results.json
2025-06-25 12:06:34,296 - services.api_client - INFO - Successful response from http://api.jolpi.ca/ergast/f1/2025/19/results.json
2025-06-25 12:06:34,869 - services.api_client - INFO - GET request to: http://api.jolpi.ca/ergast/f1/2025/20/results.json
2025-06-25 12:06:35,296 - services.api_client - INFO - Successful response from http://api.jolpi.ca/ergast/f1/2025/20/results.json
2025-06-25 12:06:35,869 - services.api_client - INFO - GET request to: http://api.jolpi.ca/ergast/f1/2025/21/results.json
2025-06-25 12:06:36,303 - services.api_client - INFO - Successful response from http://api.jolpi.ca/ergast/f1/2025/21/results.json
2025-06-25 12:06:36,870 - services.api_client - INFO - GET request to: http://api.jolpi.ca/ergast/f1/2025/22/results.json
2025-06-25 12:06:37,297 - services.api_client - INFO - Successful response from http://api.jolpi.ca/ergast/f1/2025/22/results.json
2025-06-25 12:06:37,871 - services.api_client - INFO - GET request to: http://api.jolpi.ca/ergast/f1/2025/23/results.json
2025-06-25 12:06:38,298 - services.api_client - INFO - Successful response from http://api.jolpi.ca/ergast/f1/2025/23/results.json
2025-06-25 12:06:38,872 - services.api_client - INFO - GET request to: http://api.jolpi.ca/ergast/f1/2025/24/results.json
2025-06-25 12:06:39,301 - services.api_client - INFO - Successful response from http://api.jolpi.ca/ergast/f1/2025/24/results.json
2025-06-25 12:06:39,302 - services.data_service - INFO - Loaded 24 races for 2025
2025-06-25 12:06:39,304 - ui.main_window - INFO - Status updated: Calendar updated - 24 races
2025-06-25 12:07:11,810 - ui.main_window - INFO - Status updated: Active tab: MotoGP
2025-06-25 12:07:20,270 - ui.main_window - INFO - Status updated: Active tab: Formula 1
2025-06-25 12:07:31,754 - ui.main_window - INFO - Application closing
2025-06-25 12:07:31,787 - __main__ - INFO - Application exited with code: 0
2025-06-25 12:35:39,594 - __main__ - INFO - Logging system initialized
2025-06-25 12:35:39,594 - __main__ - INFO - Starting F1 & MotoGP Dashboard application
2025-06-25 12:35:39,595 - __main__ - INFO - Application directories created
2025-06-25 12:35:39,727 - __main__ - INFO - Qt application configured
2025-06-25 12:35:40,573 - utils.i18n - INFO - Loaded translations for: en
2025-06-25 12:35:40,574 - utils.i18n - INFO - Loaded translations for: es
2025-06-25 12:35:40,580 - utils.i18n - INFO - Language changed from en to en
2025-06-25 12:35:40,651 - services.api_client - INFO - Initialized ErgastAPIClient with base URL: http://api.jolpi.ca/ergast/f1
2025-06-25 12:35:41,259 - __main__ - INFO - Main window created and shown
2025-06-25 12:35:41,260 - __main__ - INFO - Application ready - entering event loop
2025-06-25 12:35:41,976 - ui.main_window - INFO - Status updated: Loading initial F1 data...
2025-06-25 12:36:39,437 - __main__ - INFO - Logging system initialized
2025-06-25 12:36:39,437 - __main__ - INFO - Starting F1 & MotoGP Dashboard application
2025-06-25 12:36:39,438 - __main__ - INFO - Application directories created
2025-06-25 12:36:39,471 - __main__ - INFO - Qt application configured
2025-06-25 12:36:40,002 - utils.i18n - INFO - Loaded translations for: en
2025-06-25 12:36:40,002 - utils.i18n - INFO - Loaded translations for: es
2025-06-25 12:36:40,004 - utils.i18n - INFO - Language changed from en to en
2025-06-25 12:36:40,027 - services.api_client - INFO - Initialized ErgastAPIClient with base URL: http://api.jolpi.ca/ergast/f1
2025-06-25 12:36:40,346 - __main__ - INFO - Main window created and shown
2025-06-25 12:36:40,347 - __main__ - INFO - Application ready - entering event loop
2025-06-25 12:36:41,140 - ui.main_window - INFO - Status updated: Loading initial F1 data...
2025-06-25 12:41:24,484 - __main__ - INFO - Logging system initialized
2025-06-25 12:41:24,484 - __main__ - INFO - Starting F1 & MotoGP Dashboard application
2025-06-25 12:41:24,485 - __main__ - INFO - Application directories created
2025-06-25 12:41:24,527 - __main__ - INFO - Qt application configured
2025-06-25 12:41:25,054 - utils.i18n - INFO - Loaded translations for: en
2025-06-25 12:41:25,055 - utils.i18n - INFO - Loaded translations for: es
2025-06-25 12:41:25,058 - utils.i18n - INFO - Language changed from en to en
2025-06-25 12:41:25,100 - services.api_client - INFO - Initialized ErgastAPIClient with base URL: http://api.jolpi.ca/ergast/f1
2025-06-25 12:41:25,475 - __main__ - INFO - Main window created and shown
2025-06-25 12:41:25,476 - __main__ - INFO - Application ready - entering event loop
2025-06-25 12:41:26,266 - ui.main_window - INFO - Status updated: Loading initial F1 data...
2025-06-25 12:41:26,271 - services.api_client - INFO - GET request to: http://api.jolpi.ca/ergast/f1/current/driverStandings.json
2025-06-25 12:41:26,272 - ui.main_window - INFO - Status updated: Loading F1 standings...
2025-06-25 12:41:27,371 - services.api_client - INFO - Successful response from http://api.jolpi.ca/ergast/f1/current/driverStandings.json
2025-06-25 12:41:27,372 - services.data_service - INFO - Loaded 21 driver standings
2025-06-25 12:41:27,382 - ui.widgets.f1_tab - INFO - Successfully loaded 21 standings
2025-06-25 12:41:27,382 - ui.main_window - INFO - Status updated: F1 standings updated (21 drivers)
2025-06-25 12:41:27,385 - services.api_client - INFO - GET request to: http://api.jolpi.ca/ergast/f1/2025.json
2025-06-25 12:41:27,494 - ui.main_window - INFO - Status updated: Loading race calendar...
2025-06-25 12:41:27,810 - services.api_client - INFO - Successful response from http://api.jolpi.ca/ergast/f1/2025.json
2025-06-25 12:41:28,385 - services.api_client - INFO - GET request to: http://api.jolpi.ca/ergast/f1/2025/1/results.json
2025-06-25 12:41:28,812 - services.api_client - INFO - Successful response from http://api.jolpi.ca/ergast/f1/2025/1/results.json
2025-06-25 12:41:29,385 - services.api_client - INFO - GET request to: http://api.jolpi.ca/ergast/f1/2025/2/results.json
2025-06-25 12:41:29,814 - services.api_client - INFO - Successful response from http://api.jolpi.ca/ergast/f1/2025/2/results.json
2025-06-25 12:41:30,386 - services.api_client - INFO - GET request to: http://api.jolpi.ca/ergast/f1/2025/3/results.json
2025-06-25 12:41:30,812 - services.api_client - INFO - Successful response from http://api.jolpi.ca/ergast/f1/2025/3/results.json
2025-06-25 12:41:31,387 - services.api_client - INFO - GET request to: http://api.jolpi.ca/ergast/f1/2025/4/results.json
2025-06-25 12:41:31,814 - services.api_client - INFO - Successful response from http://api.jolpi.ca/ergast/f1/2025/4/results.json
2025-06-25 12:41:32,388 - services.api_client - INFO - GET request to: http://api.jolpi.ca/ergast/f1/2025/5/results.json
2025-06-25 12:41:32,816 - services.api_client - INFO - Successful response from http://api.jolpi.ca/ergast/f1/2025/5/results.json
2025-06-25 12:41:33,388 - services.api_client - INFO - GET request to: http://api.jolpi.ca/ergast/f1/2025/6/results.json
2025-06-25 12:41:33,813 - services.api_client - INFO - Successful response from http://api.jolpi.ca/ergast/f1/2025/6/results.json
2025-06-25 12:41:34,389 - services.api_client - INFO - GET request to: http://api.jolpi.ca/ergast/f1/2025/7/results.json
2025-06-25 12:41:34,818 - services.api_client - INFO - Successful response from http://api.jolpi.ca/ergast/f1/2025/7/results.json
2025-06-25 12:41:35,390 - services.api_client - INFO - GET request to: http://api.jolpi.ca/ergast/f1/2025/8/results.json
2025-06-25 12:41:35,829 - services.api_client - INFO - Successful response from http://api.jolpi.ca/ergast/f1/2025/8/results.json
2025-06-25 12:41:36,391 - services.api_client - INFO - GET request to: http://api.jolpi.ca/ergast/f1/2025/9/results.json
2025-06-25 12:41:36,819 - services.api_client - INFO - Successful response from http://api.jolpi.ca/ergast/f1/2025/9/results.json
2025-06-25 12:41:37,391 - services.api_client - INFO - GET request to: http://api.jolpi.ca/ergast/f1/2025/10/results.json
2025-06-25 12:41:37,818 - services.api_client - INFO - Successful response from http://api.jolpi.ca/ergast/f1/2025/10/results.json
2025-06-25 12:41:38,391 - services.api_client - INFO - GET request to: http://api.jolpi.ca/ergast/f1/2025/11/results.json
2025-06-25 12:41:38,822 - services.api_client - INFO - Successful response from http://api.jolpi.ca/ergast/f1/2025/11/results.json
2025-06-25 12:41:39,392 - services.api_client - INFO - GET request to: http://api.jolpi.ca/ergast/f1/2025/12/results.json
2025-06-25 12:41:39,820 - services.api_client - INFO - Successful response from http://api.jolpi.ca/ergast/f1/2025/12/results.json
2025-06-25 12:41:40,393 - services.api_client - INFO - GET request to: http://api.jolpi.ca/ergast/f1/2025/13/results.json
2025-06-25 12:41:40,818 - services.api_client - INFO - Successful response from http://api.jolpi.ca/ergast/f1/2025/13/results.json
2025-06-25 12:41:41,393 - services.api_client - INFO - GET request to: http://api.jolpi.ca/ergast/f1/2025/14/results.json
2025-06-25 12:41:41,818 - services.api_client - INFO - Successful response from http://api.jolpi.ca/ergast/f1/2025/14/results.json
2025-06-25 12:41:42,394 - services.api_client - INFO - GET request to: http://api.jolpi.ca/ergast/f1/2025/15/results.json
2025-06-25 12:41:42,820 - services.api_client - INFO - Successful response from http://api.jolpi.ca/ergast/f1/2025/15/results.json
2025-06-25 12:41:43,394 - services.api_client - INFO - GET request to: http://api.jolpi.ca/ergast/f1/2025/16/results.json
2025-06-25 12:41:43,823 - services.api_client - INFO - Successful response from http://api.jolpi.ca/ergast/f1/2025/16/results.json
2025-06-25 12:41:44,395 - services.api_client - INFO - GET request to: http://api.jolpi.ca/ergast/f1/2025/17/results.json
2025-06-25 12:41:44,822 - services.api_client - INFO - Successful response from http://api.jolpi.ca/ergast/f1/2025/17/results.json
2025-06-25 12:41:45,395 - services.api_client - INFO - GET request to: http://api.jolpi.ca/ergast/f1/2025/18/results.json
2025-06-25 12:41:45,824 - services.api_client - INFO - Successful response from http://api.jolpi.ca/ergast/f1/2025/18/results.json
2025-06-25 12:41:46,396 - services.api_client - INFO - GET request to: http://api.jolpi.ca/ergast/f1/2025/19/results.json
2025-06-25 12:41:46,827 - services.api_client - INFO - Successful response from http://api.jolpi.ca/ergast/f1/2025/19/results.json
2025-06-25 12:41:47,396 - services.api_client - INFO - GET request to: http://api.jolpi.ca/ergast/f1/2025/20/results.json
2025-06-25 12:41:47,824 - services.api_client - INFO - Successful response from http://api.jolpi.ca/ergast/f1/2025/20/results.json
2025-06-25 12:41:48,397 - services.api_client - INFO - GET request to: http://api.jolpi.ca/ergast/f1/2025/21/results.json
2025-06-25 12:41:48,832 - services.api_client - INFO - Successful response from http://api.jolpi.ca/ergast/f1/2025/21/results.json
2025-06-25 12:41:49,398 - services.api_client - INFO - GET request to: http://api.jolpi.ca/ergast/f1/2025/22/results.json
2025-06-25 12:41:49,827 - services.api_client - INFO - Successful response from http://api.jolpi.ca/ergast/f1/2025/22/results.json
2025-06-25 12:41:50,399 - services.api_client - INFO - GET request to: http://api.jolpi.ca/ergast/f1/2025/23/results.json
2025-06-25 12:41:50,829 - services.api_client - INFO - Successful response from http://api.jolpi.ca/ergast/f1/2025/23/results.json
2025-06-25 12:41:51,399 - services.api_client - INFO - GET request to: http://api.jolpi.ca/ergast/f1/2025/24/results.json
2025-06-25 12:41:51,824 - services.api_client - INFO - Successful response from http://api.jolpi.ca/ergast/f1/2025/24/results.json
2025-06-25 12:41:51,825 - services.data_service - INFO - Loaded 24 races for 2025
2025-06-25 12:41:51,827 - ui.main_window - INFO - Status updated: Calendar updated - 24 races
2025-06-25 12:43:25,167 - ui.main_window - INFO - Application closing
2025-06-25 12:43:25,205 - __main__ - INFO - Application exited with code: 0
2025-06-25 12:46:59,485 - __main__ - INFO - Logging system initialized
2025-06-25 12:46:59,485 - __main__ - INFO - Starting F1 & MotoGP Dashboard application
2025-06-25 12:46:59,486 - __main__ - INFO - Application directories created
2025-06-25 12:46:59,528 - __main__ - INFO - Qt application configured
2025-06-25 12:47:00,109 - utils.i18n - INFO - Loaded translations for: en
2025-06-25 12:47:00,109 - utils.i18n - INFO - Loaded translations for: es
2025-06-25 12:47:00,111 - utils.i18n - INFO - Language changed from en to en
2025-06-25 12:47:00,134 - services.api_client - INFO - Initialized ErgastAPIClient with base URL: http://api.jolpi.ca/ergast/f1
2025-06-25 12:47:00,446 - __main__ - INFO - Main window created and shown
2025-06-25 12:47:00,446 - __main__ - INFO - Application ready - entering event loop
2025-06-25 12:47:01,259 - ui.main_window - INFO - Status updated: Loading initial F1 data...
2025-06-25 12:47:01,266 - services.api_client - INFO - GET request to: http://api.jolpi.ca/ergast/f1/current/driverStandings.json
2025-06-25 12:47:01,270 - ui.main_window - INFO - Status updated: Loading F1 standings...
2025-06-25 12:47:02,397 - services.api_client - INFO - Successful response from http://api.jolpi.ca/ergast/f1/current/driverStandings.json
2025-06-25 12:47:02,397 - services.data_service - INFO - Loaded 21 driver standings
2025-06-25 12:47:02,401 - ui.widgets.f1_tab - INFO - Successfully loaded 21 standings
2025-06-25 12:47:02,401 - ui.main_window - INFO - Status updated: F1 standings updated (21 drivers)
2025-06-25 12:47:02,404 - services.api_client - INFO - GET request to: http://api.jolpi.ca/ergast/f1/2025.json
2025-06-25 12:47:02,509 - ui.main_window - INFO - Status updated: Loading race calendar...
2025-06-25 12:47:02,834 - services.api_client - INFO - Successful response from http://api.jolpi.ca/ergast/f1/2025.json
2025-06-25 12:47:03,404 - services.api_client - INFO - GET request to: http://api.jolpi.ca/ergast/f1/2025/1/results.json
2025-06-25 12:47:03,828 - services.api_client - INFO - Successful response from http://api.jolpi.ca/ergast/f1/2025/1/results.json
2025-06-25 12:47:04,404 - services.api_client - INFO - GET request to: http://api.jolpi.ca/ergast/f1/2025/2/results.json
2025-06-25 12:47:04,830 - services.api_client - INFO - Successful response from http://api.jolpi.ca/ergast/f1/2025/2/results.json
2025-06-25 12:47:05,404 - services.api_client - INFO - GET request to: http://api.jolpi.ca/ergast/f1/2025/3/results.json
2025-06-25 12:47:05,830 - services.api_client - INFO - Successful response from http://api.jolpi.ca/ergast/f1/2025/3/results.json
2025-06-25 12:47:06,405 - services.api_client - INFO - GET request to: http://api.jolpi.ca/ergast/f1/2025/4/results.json
2025-06-25 12:47:06,831 - services.api_client - INFO - Successful response from http://api.jolpi.ca/ergast/f1/2025/4/results.json
2025-06-25 12:47:07,405 - services.api_client - INFO - GET request to: http://api.jolpi.ca/ergast/f1/2025/5/results.json
2025-06-25 12:47:07,829 - services.api_client - INFO - Successful response from http://api.jolpi.ca/ergast/f1/2025/5/results.json
2025-06-25 12:47:08,406 - services.api_client - INFO - GET request to: http://api.jolpi.ca/ergast/f1/2025/6/results.json
2025-06-25 12:47:08,836 - services.api_client - INFO - Successful response from http://api.jolpi.ca/ergast/f1/2025/6/results.json
2025-06-25 12:47:09,408 - services.api_client - INFO - GET request to: http://api.jolpi.ca/ergast/f1/2025/7/results.json
2025-06-25 12:47:09,832 - services.api_client - INFO - Successful response from http://api.jolpi.ca/ergast/f1/2025/7/results.json
2025-06-25 12:47:10,408 - services.api_client - INFO - GET request to: http://api.jolpi.ca/ergast/f1/2025/8/results.json
2025-06-25 12:47:10,836 - services.api_client - INFO - Successful response from http://api.jolpi.ca/ergast/f1/2025/8/results.json
2025-06-25 12:47:11,409 - services.api_client - INFO - GET request to: http://api.jolpi.ca/ergast/f1/2025/9/results.json
2025-06-25 12:47:11,836 - services.api_client - INFO - Successful response from http://api.jolpi.ca/ergast/f1/2025/9/results.json
2025-06-25 12:47:12,410 - services.api_client - INFO - GET request to: http://api.jolpi.ca/ergast/f1/2025/10/results.json
2025-06-25 12:47:12,834 - services.api_client - INFO - Successful response from http://api.jolpi.ca/ergast/f1/2025/10/results.json
2025-06-25 12:47:13,410 - services.api_client - INFO - GET request to: http://api.jolpi.ca/ergast/f1/2025/11/results.json
2025-06-25 12:47:13,835 - services.api_client - INFO - Successful response from http://api.jolpi.ca/ergast/f1/2025/11/results.json
2025-06-25 12:47:14,411 - services.api_client - INFO - GET request to: http://api.jolpi.ca/ergast/f1/2025/12/results.json
2025-06-25 12:47:14,836 - services.api_client - INFO - Successful response from http://api.jolpi.ca/ergast/f1/2025/12/results.json
2025-06-25 12:47:15,412 - services.api_client - INFO - GET request to: http://api.jolpi.ca/ergast/f1/2025/13/results.json
2025-06-25 12:47:15,838 - services.api_client - INFO - Successful response from http://api.jolpi.ca/ergast/f1/2025/13/results.json
2025-06-25 12:47:16,412 - services.api_client - INFO - GET request to: http://api.jolpi.ca/ergast/f1/2025/14/results.json
2025-06-25 12:47:16,843 - services.api_client - INFO - Successful response from http://api.jolpi.ca/ergast/f1/2025/14/results.json
2025-06-25 12:47:17,413 - services.api_client - INFO - GET request to: http://api.jolpi.ca/ergast/f1/2025/15/results.json
2025-06-25 12:47:17,839 - services.api_client - INFO - Successful response from http://api.jolpi.ca/ergast/f1/2025/15/results.json
2025-06-25 12:47:18,413 - services.api_client - INFO - GET request to: http://api.jolpi.ca/ergast/f1/2025/16/results.json
2025-06-25 12:47:18,837 - services.api_client - INFO - Successful response from http://api.jolpi.ca/ergast/f1/2025/16/results.json
2025-06-25 12:47:19,414 - services.api_client - INFO - GET request to: http://api.jolpi.ca/ergast/f1/2025/17/results.json
2025-06-25 12:47:19,838 - services.api_client - INFO - Successful response from http://api.jolpi.ca/ergast/f1/2025/17/results.json
2025-06-25 12:47:20,415 - services.api_client - INFO - GET request to: http://api.jolpi.ca/ergast/f1/2025/18/results.json
2025-06-25 12:47:20,838 - services.api_client - INFO - Successful response from http://api.jolpi.ca/ergast/f1/2025/18/results.json
2025-06-25 12:47:21,416 - services.api_client - INFO - GET request to: http://api.jolpi.ca/ergast/f1/2025/19/results.json
2025-06-25 12:47:21,839 - services.api_client - INFO - Successful response from http://api.jolpi.ca/ergast/f1/2025/19/results.json
2025-06-25 12:47:22,417 - services.api_client - INFO - GET request to: http://api.jolpi.ca/ergast/f1/2025/20/results.json
2025-06-25 12:47:22,843 - services.api_client - INFO - Successful response from http://api.jolpi.ca/ergast/f1/2025/20/results.json
2025-06-25 12:47:23,417 - services.api_client - INFO - GET request to: http://api.jolpi.ca/ergast/f1/2025/21/results.json
2025-06-25 12:47:23,843 - services.api_client - INFO - Successful response from http://api.jolpi.ca/ergast/f1/2025/21/results.json
2025-06-25 12:47:24,418 - services.api_client - INFO - GET request to: http://api.jolpi.ca/ergast/f1/2025/22/results.json
2025-06-25 12:47:24,848 - services.api_client - INFO - Successful response from http://api.jolpi.ca/ergast/f1/2025/22/results.json
2025-06-25 12:47:25,419 - services.api_client - INFO - GET request to: http://api.jolpi.ca/ergast/f1/2025/23/results.json
2025-06-25 12:47:25,849 - services.api_client - INFO - Successful response from http://api.jolpi.ca/ergast/f1/2025/23/results.json
2025-06-25 12:47:26,419 - services.api_client - INFO - GET request to: http://api.jolpi.ca/ergast/f1/2025/24/results.json
2025-06-25 12:47:26,845 - services.api_client - INFO - Successful response from http://api.jolpi.ca/ergast/f1/2025/24/results.json
2025-06-25 12:47:26,845 - services.data_service - INFO - Loaded 24 races for 2025
2025-06-25 12:47:26,847 - ui.main_window - INFO - Status updated: Calendar updated - 24 races
2025-06-25 12:47:37,680 - ui.main_window - INFO - Application closing
2025-06-25 12:47:37,714 - __main__ - INFO - Application exited with code: 0
2025-06-25 12:51:54,407 - __main__ - INFO - Logging system initialized
2025-06-25 12:51:54,407 - __main__ - INFO - Starting F1 & MotoGP Dashboard application
2025-06-25 12:51:54,408 - __main__ - INFO - Application directories created
2025-06-25 12:51:54,444 - __main__ - INFO - Qt application configured
2025-06-25 12:51:54,969 - utils.i18n - INFO - Loaded translations for: en
2025-06-25 12:51:54,970 - utils.i18n - INFO - Loaded translations for: es
2025-06-25 12:51:54,972 - utils.i18n - INFO - Language changed from en to en
2025-06-25 12:51:55,001 - services.api_client - INFO - Initialized ErgastAPIClient with base URL: http://api.jolpi.ca/ergast/f1
2025-06-25 12:51:55,300 - __main__ - INFO - Main window created and shown
2025-06-25 12:51:55,301 - __main__ - INFO - Application ready - entering event loop
2025-06-25 12:51:56,122 - ui.main_window - INFO - Status updated: Loading initial F1 data...
2025-06-25 12:51:56,133 - services.api_client - INFO - GET request to: http://api.jolpi.ca/ergast/f1/current/driverStandings.json
2025-06-25 12:51:56,136 - ui.main_window - INFO - Status updated: Loading F1 standings...
2025-06-25 12:51:57,281 - services.api_client - INFO - Successful response from http://api.jolpi.ca/ergast/f1/current/driverStandings.json
2025-06-25 12:51:57,281 - services.data_service - INFO - Loaded 21 driver standings
2025-06-25 12:51:57,284 - ui.widgets.f1_tab - INFO - Successfully loaded 21 standings
2025-06-25 12:51:57,285 - ui.main_window - INFO - Status updated: F1 standings updated (21 drivers)
2025-06-25 12:51:57,287 - services.api_client - INFO - GET request to: http://api.jolpi.ca/ergast/f1/2025.json
2025-06-25 12:51:57,398 - ui.main_window - INFO - Status updated: Loading race calendar...
2025-06-25 12:51:57,716 - services.api_client - INFO - Successful response from http://api.jolpi.ca/ergast/f1/2025.json
2025-06-25 12:51:58,288 - services.api_client - INFO - GET request to: http://api.jolpi.ca/ergast/f1/2025/1/results.json
2025-06-25 12:51:58,716 - services.api_client - INFO - Successful response from http://api.jolpi.ca/ergast/f1/2025/1/results.json
2025-06-25 12:51:59,289 - services.api_client - INFO - GET request to: http://api.jolpi.ca/ergast/f1/2025/2/results.json
2025-06-25 12:51:59,717 - services.api_client - INFO - Successful response from http://api.jolpi.ca/ergast/f1/2025/2/results.json
2025-06-25 12:52:00,289 - services.api_client - INFO - GET request to: http://api.jolpi.ca/ergast/f1/2025/3/results.json
2025-06-25 12:52:00,721 - services.api_client - INFO - Successful response from http://api.jolpi.ca/ergast/f1/2025/3/results.json
2025-06-25 12:52:01,290 - services.api_client - INFO - GET request to: http://api.jolpi.ca/ergast/f1/2025/4/results.json
2025-06-25 12:52:01,721 - services.api_client - INFO - Successful response from http://api.jolpi.ca/ergast/f1/2025/4/results.json
2025-06-25 12:52:02,291 - services.api_client - INFO - GET request to: http://api.jolpi.ca/ergast/f1/2025/5/results.json
2025-06-25 12:52:02,718 - services.api_client - INFO - Successful response from http://api.jolpi.ca/ergast/f1/2025/5/results.json
2025-06-25 12:52:03,291 - services.api_client - INFO - GET request to: http://api.jolpi.ca/ergast/f1/2025/6/results.json
2025-06-25 12:52:03,719 - services.api_client - INFO - Successful response from http://api.jolpi.ca/ergast/f1/2025/6/results.json
2025-06-25 12:52:04,292 - services.api_client - INFO - GET request to: http://api.jolpi.ca/ergast/f1/2025/7/results.json
2025-06-25 12:52:04,720 - services.api_client - INFO - Successful response from http://api.jolpi.ca/ergast/f1/2025/7/results.json
2025-06-25 12:52:05,292 - services.api_client - INFO - GET request to: http://api.jolpi.ca/ergast/f1/2025/8/results.json
2025-06-25 12:52:05,719 - services.api_client - INFO - Successful response from http://api.jolpi.ca/ergast/f1/2025/8/results.json
2025-06-25 12:52:06,292 - services.api_client - INFO - GET request to: http://api.jolpi.ca/ergast/f1/2025/9/results.json
2025-06-25 12:52:06,719 - services.api_client - INFO - Successful response from http://api.jolpi.ca/ergast/f1/2025/9/results.json
2025-06-25 12:52:07,293 - services.api_client - INFO - GET request to: http://api.jolpi.ca/ergast/f1/2025/10/results.json
2025-06-25 12:52:07,721 - services.api_client - INFO - Successful response from http://api.jolpi.ca/ergast/f1/2025/10/results.json
2025-06-25 12:52:08,293 - services.api_client - INFO - GET request to: http://api.jolpi.ca/ergast/f1/2025/11/results.json
2025-06-25 12:52:08,719 - services.api_client - INFO - Successful response from http://api.jolpi.ca/ergast/f1/2025/11/results.json
2025-06-25 12:52:09,293 - services.api_client - INFO - GET request to: http://api.jolpi.ca/ergast/f1/2025/12/results.json
2025-06-25 12:52:09,734 - services.api_client - INFO - Successful response from http://api.jolpi.ca/ergast/f1/2025/12/results.json
2025-06-25 12:52:10,294 - services.api_client - INFO - GET request to: http://api.jolpi.ca/ergast/f1/2025/13/results.json
2025-06-25 12:52:10,719 - services.api_client - INFO - Successful response from http://api.jolpi.ca/ergast/f1/2025/13/results.json
2025-06-25 12:52:11,295 - services.api_client - INFO - GET request to: http://api.jolpi.ca/ergast/f1/2025/14/results.json
2025-06-25 12:52:11,719 - services.api_client - INFO - Successful response from http://api.jolpi.ca/ergast/f1/2025/14/results.json
2025-06-25 12:52:12,295 - services.api_client - INFO - GET request to: http://api.jolpi.ca/ergast/f1/2025/15/results.json
2025-06-25 12:52:12,727 - services.api_client - INFO - Successful response from http://api.jolpi.ca/ergast/f1/2025/15/results.json
2025-06-25 12:52:13,296 - services.api_client - INFO - GET request to: http://api.jolpi.ca/ergast/f1/2025/16/results.json
2025-06-25 12:52:13,724 - services.api_client - INFO - Successful response from http://api.jolpi.ca/ergast/f1/2025/16/results.json
2025-06-25 12:52:14,297 - services.api_client - INFO - GET request to: http://api.jolpi.ca/ergast/f1/2025/17/results.json
2025-06-25 12:52:14,733 - services.api_client - INFO - Successful response from http://api.jolpi.ca/ergast/f1/2025/17/results.json
2025-06-25 12:52:15,297 - services.api_client - INFO - GET request to: http://api.jolpi.ca/ergast/f1/2025/18/results.json
2025-06-25 12:52:15,724 - services.api_client - INFO - Successful response from http://api.jolpi.ca/ergast/f1/2025/18/results.json
2025-06-25 12:52:16,297 - services.api_client - INFO - GET request to: http://api.jolpi.ca/ergast/f1/2025/19/results.json
2025-06-25 12:52:16,723 - services.api_client - INFO - Successful response from http://api.jolpi.ca/ergast/f1/2025/19/results.json
2025-06-25 12:52:17,299 - services.api_client - INFO - GET request to: http://api.jolpi.ca/ergast/f1/2025/20/results.json
2025-06-25 12:52:17,724 - services.api_client - INFO - Successful response from http://api.jolpi.ca/ergast/f1/2025/20/results.json
2025-06-25 12:52:18,299 - services.api_client - INFO - GET request to: http://api.jolpi.ca/ergast/f1/2025/21/results.json
2025-06-25 12:52:18,735 - services.api_client - INFO - Successful response from http://api.jolpi.ca/ergast/f1/2025/21/results.json
2025-06-25 12:52:19,299 - services.api_client - INFO - GET request to: http://api.jolpi.ca/ergast/f1/2025/22/results.json
2025-06-25 12:52:19,730 - services.api_client - INFO - Successful response from http://api.jolpi.ca/ergast/f1/2025/22/results.json
2025-06-25 12:52:20,300 - services.api_client - INFO - GET request to: http://api.jolpi.ca/ergast/f1/2025/23/results.json
2025-06-25 12:52:20,730 - services.api_client - INFO - Successful response from http://api.jolpi.ca/ergast/f1/2025/23/results.json
2025-06-25 12:52:21,300 - services.api_client - INFO - GET request to: http://api.jolpi.ca/ergast/f1/2025/24/results.json
2025-06-25 12:52:21,727 - services.api_client - INFO - Successful response from http://api.jolpi.ca/ergast/f1/2025/24/results.json
2025-06-25 12:52:21,728 - services.data_service - INFO - Loaded 24 races for 2025
2025-06-25 12:52:21,730 - ui.widgets.f1_tab - ERROR - Error updating calendar: '<=' not supported between instances of 'str' and 'int'
2025-06-25 12:52:21,730 - ui.widgets.f1_tab - WARNING - Calendar loading failed: '<=' not supported between instances of 'str' and 'int'
2025-06-25 12:52:21,731 - ui.main_window - INFO - Status updated: Standings loaded, Calendar: '<=' not supported between instances of 'str' and 'int'
2025-06-25 12:52:48,924 - ui.main_window - INFO - Application closing
2025-06-25 12:52:48,965 - __main__ - INFO - Application exited with code: 0
2025-06-25 12:53:16,787 - __main__ - INFO - Logging system initialized
2025-06-25 12:53:16,787 - __main__ - INFO - Starting F1 & MotoGP Dashboard application
2025-06-25 12:53:16,788 - __main__ - INFO - Application directories created
2025-06-25 12:53:16,830 - __main__ - INFO - Qt application configured
2025-06-25 12:53:17,358 - utils.i18n - INFO - Loaded translations for: en
2025-06-25 12:53:17,359 - utils.i18n - INFO - Loaded translations for: es
2025-06-25 12:53:17,361 - utils.i18n - INFO - Language changed from en to en
2025-06-25 12:53:17,384 - services.api_client - INFO - Initialized ErgastAPIClient with base URL: http://api.jolpi.ca/ergast/f1
2025-06-25 12:53:17,692 - __main__ - INFO - Main window created and shown
2025-06-25 12:53:17,693 - __main__ - INFO - Application ready - entering event loop
2025-06-25 12:53:18,500 - ui.main_window - INFO - Status updated: Loading initial F1 data...
2025-06-25 12:53:18,502 - services.api_client - INFO - GET request to: http://api.jolpi.ca/ergast/f1/current/driverStandings.json
2025-06-25 12:53:18,502 - ui.main_window - INFO - Status updated: Loading F1 standings...
2025-06-25 12:53:19,600 - services.api_client - INFO - Successful response from http://api.jolpi.ca/ergast/f1/current/driverStandings.json
2025-06-25 12:53:19,600 - services.data_service - INFO - Loaded 21 driver standings
2025-06-25 12:53:19,605 - ui.widgets.f1_tab - INFO - Successfully loaded 21 standings
2025-06-25 12:53:19,605 - ui.main_window - INFO - Status updated: F1 standings updated (21 drivers)
2025-06-25 12:53:19,608 - services.api_client - INFO - GET request to: http://api.jolpi.ca/ergast/f1/2025.json
2025-06-25 12:53:19,706 - ui.main_window - INFO - Status updated: Loading race calendar...
2025-06-25 12:53:20,036 - services.api_client - INFO - Successful response from http://api.jolpi.ca/ergast/f1/2025.json
2025-06-25 12:53:20,609 - services.api_client - INFO - GET request to: http://api.jolpi.ca/ergast/f1/2025/1/results.json
2025-06-25 12:53:21,037 - services.api_client - INFO - Successful response from http://api.jolpi.ca/ergast/f1/2025/1/results.json
2025-06-25 12:53:21,610 - services.api_client - INFO - GET request to: http://api.jolpi.ca/ergast/f1/2025/2/results.json
2025-06-25 12:53:22,036 - services.api_client - INFO - Successful response from http://api.jolpi.ca/ergast/f1/2025/2/results.json
2025-06-25 12:53:22,611 - services.api_client - INFO - GET request to: http://api.jolpi.ca/ergast/f1/2025/3/results.json
2025-06-25 12:53:23,046 - services.api_client - INFO - Successful response from http://api.jolpi.ca/ergast/f1/2025/3/results.json
2025-06-25 12:53:23,612 - services.api_client - INFO - GET request to: http://api.jolpi.ca/ergast/f1/2025/4/results.json
2025-06-25 12:53:24,040 - services.api_client - INFO - Successful response from http://api.jolpi.ca/ergast/f1/2025/4/results.json
2025-06-25 12:53:24,613 - services.api_client - INFO - GET request to: http://api.jolpi.ca/ergast/f1/2025/5/results.json
2025-06-25 12:53:25,038 - services.api_client - INFO - Successful response from http://api.jolpi.ca/ergast/f1/2025/5/results.json
2025-06-25 12:53:25,613 - services.api_client - INFO - GET request to: http://api.jolpi.ca/ergast/f1/2025/6/results.json
2025-06-25 12:53:26,041 - services.api_client - INFO - Successful response from http://api.jolpi.ca/ergast/f1/2025/6/results.json
2025-06-25 12:53:26,614 - services.api_client - INFO - GET request to: http://api.jolpi.ca/ergast/f1/2025/7/results.json
2025-06-25 12:53:27,045 - services.api_client - INFO - Successful response from http://api.jolpi.ca/ergast/f1/2025/7/results.json
2025-06-25 12:53:27,615 - services.api_client - INFO - GET request to: http://api.jolpi.ca/ergast/f1/2025/8/results.json
2025-06-25 12:53:28,047 - services.api_client - INFO - Successful response from http://api.jolpi.ca/ergast/f1/2025/8/results.json
2025-06-25 12:53:28,615 - services.api_client - INFO - GET request to: http://api.jolpi.ca/ergast/f1/2025/9/results.json
2025-06-25 12:53:29,045 - services.api_client - INFO - Successful response from http://api.jolpi.ca/ergast/f1/2025/9/results.json
2025-06-25 12:53:29,616 - services.api_client - INFO - GET request to: http://api.jolpi.ca/ergast/f1/2025/10/results.json
2025-06-25 12:53:30,044 - services.api_client - INFO - Successful response from http://api.jolpi.ca/ergast/f1/2025/10/results.json
2025-06-25 12:53:30,617 - services.api_client - INFO - GET request to: http://api.jolpi.ca/ergast/f1/2025/11/results.json
2025-06-25 12:53:31,043 - services.api_client - INFO - Successful response from http://api.jolpi.ca/ergast/f1/2025/11/results.json
2025-06-25 12:53:31,617 - services.api_client - INFO - GET request to: http://api.jolpi.ca/ergast/f1/2025/12/results.json
2025-06-25 12:53:32,043 - services.api_client - INFO - Successful response from http://api.jolpi.ca/ergast/f1/2025/12/results.json
2025-06-25 12:53:32,618 - services.api_client - INFO - GET request to: http://api.jolpi.ca/ergast/f1/2025/13/results.json
2025-06-25 12:53:33,045 - services.api_client - INFO - Successful response from http://api.jolpi.ca/ergast/f1/2025/13/results.json
2025-06-25 12:53:33,618 - services.api_client - INFO - GET request to: http://api.jolpi.ca/ergast/f1/2025/14/results.json
2025-06-25 12:53:34,044 - services.api_client - INFO - Successful response from http://api.jolpi.ca/ergast/f1/2025/14/results.json
2025-06-25 12:53:34,619 - services.api_client - INFO - GET request to: http://api.jolpi.ca/ergast/f1/2025/15/results.json
2025-06-25 12:53:35,055 - services.api_client - INFO - Successful response from http://api.jolpi.ca/ergast/f1/2025/15/results.json
2025-06-25 12:53:35,619 - services.api_client - INFO - GET request to: http://api.jolpi.ca/ergast/f1/2025/16/results.json
2025-06-25 12:53:36,048 - services.api_client - INFO - Successful response from http://api.jolpi.ca/ergast/f1/2025/16/results.json
2025-06-25 12:53:36,620 - services.api_client - INFO - GET request to: http://api.jolpi.ca/ergast/f1/2025/17/results.json
2025-06-25 12:53:37,045 - services.api_client - INFO - Successful response from http://api.jolpi.ca/ergast/f1/2025/17/results.json
2025-06-25 12:53:37,620 - services.api_client - INFO - GET request to: http://api.jolpi.ca/ergast/f1/2025/18/results.json
2025-06-25 12:53:38,045 - services.api_client - INFO - Successful response from http://api.jolpi.ca/ergast/f1/2025/18/results.json
2025-06-25 12:53:38,621 - services.api_client - INFO - GET request to: http://api.jolpi.ca/ergast/f1/2025/19/results.json
2025-06-25 12:53:39,051 - services.api_client - INFO - Successful response from http://api.jolpi.ca/ergast/f1/2025/19/results.json
2025-06-25 12:53:39,622 - services.api_client - INFO - GET request to: http://api.jolpi.ca/ergast/f1/2025/20/results.json
2025-06-25 12:53:40,052 - services.api_client - INFO - Successful response from http://api.jolpi.ca/ergast/f1/2025/20/results.json
2025-06-25 12:53:40,623 - services.api_client - INFO - GET request to: http://api.jolpi.ca/ergast/f1/2025/21/results.json
2025-06-25 12:53:41,048 - services.api_client - INFO - Successful response from http://api.jolpi.ca/ergast/f1/2025/21/results.json
2025-06-25 12:53:41,623 - services.api_client - INFO - GET request to: http://api.jolpi.ca/ergast/f1/2025/22/results.json
2025-06-25 12:53:42,051 - services.api_client - INFO - Successful response from http://api.jolpi.ca/ergast/f1/2025/22/results.json
2025-06-25 12:53:42,624 - services.api_client - INFO - GET request to: http://api.jolpi.ca/ergast/f1/2025/23/results.json
2025-06-25 12:53:43,051 - services.api_client - INFO - Successful response from http://api.jolpi.ca/ergast/f1/2025/23/results.json
2025-06-25 12:53:43,624 - services.api_client - INFO - GET request to: http://api.jolpi.ca/ergast/f1/2025/24/results.json
2025-06-25 12:53:44,052 - services.api_client - INFO - Successful response from http://api.jolpi.ca/ergast/f1/2025/24/results.json
2025-06-25 12:53:44,052 - services.data_service - INFO - Loaded 24 races for 2025
2025-06-25 12:53:44,056 - ui.main_window - INFO - Status updated: Calendar updated - 24 races
2025-06-25 12:54:13,701 - ui.main_window - INFO - Application closing
2025-06-25 12:54:13,740 - __main__ - INFO - Application exited with code: 0
2025-06-25 12:56:52,977 - __main__ - INFO - Logging system initialized
2025-06-25 12:56:52,978 - __main__ - INFO - Starting F1 & MotoGP Dashboard application
2025-06-25 12:56:52,978 - __main__ - INFO - Application directories created
2025-06-25 12:56:53,016 - __main__ - INFO - Qt application configured
2025-06-25 12:56:53,575 - utils.i18n - INFO - Loaded translations for: en
2025-06-25 12:56:53,575 - utils.i18n - INFO - Loaded translations for: es
2025-06-25 12:56:53,577 - utils.i18n - INFO - Language changed from en to en
2025-06-25 12:56:53,603 - services.api_client - INFO - Initialized ErgastAPIClient with base URL: http://api.jolpi.ca/ergast/f1
2025-06-25 12:56:53,906 - __main__ - INFO - Main window created and shown
2025-06-25 12:56:53,906 - __main__ - INFO - Application ready - entering event loop
2025-06-25 12:56:54,724 - ui.main_window - INFO - Status updated: Loading initial F1 data...
2025-06-25 12:56:54,728 - services.api_client - INFO - GET request to: http://api.jolpi.ca/ergast/f1/current/driverStandings.json
2025-06-25 12:56:54,728 - ui.main_window - INFO - Status updated: Loading F1 standings...
2025-06-25 12:56:55,814 - services.api_client - INFO - Successful response from http://api.jolpi.ca/ergast/f1/current/driverStandings.json
2025-06-25 12:56:55,815 - services.data_service - INFO - Loaded 21 driver standings
2025-06-25 12:56:55,817 - ui.widgets.f1_tab - INFO - Successfully loaded 21 standings
2025-06-25 12:56:55,818 - ui.main_window - INFO - Status updated: F1 standings updated (21 drivers)
2025-06-25 12:56:55,821 - services.api_client - INFO - GET request to: http://api.jolpi.ca/ergast/f1/2025.json
2025-06-25 12:56:55,930 - ui.main_window - INFO - Status updated: Loading race calendar...
2025-06-25 12:56:56,248 - services.api_client - INFO - Successful response from http://api.jolpi.ca/ergast/f1/2025.json
2025-06-25 12:56:56,822 - services.api_client - INFO - GET request to: http://api.jolpi.ca/ergast/f1/2025/1/results.json
2025-06-25 12:56:57,252 - services.api_client - INFO - Successful response from http://api.jolpi.ca/ergast/f1/2025/1/results.json
2025-06-25 12:56:57,822 - services.api_client - INFO - GET request to: http://api.jolpi.ca/ergast/f1/2025/2/results.json
2025-06-25 12:56:58,252 - services.api_client - INFO - Successful response from http://api.jolpi.ca/ergast/f1/2025/2/results.json
2025-06-25 12:56:58,823 - services.api_client - INFO - GET request to: http://api.jolpi.ca/ergast/f1/2025/3/results.json
2025-06-25 12:56:59,259 - services.api_client - INFO - Successful response from http://api.jolpi.ca/ergast/f1/2025/3/results.json
2025-06-25 12:56:59,823 - services.api_client - INFO - GET request to: http://api.jolpi.ca/ergast/f1/2025/4/results.json
2025-06-25 12:57:00,251 - services.api_client - INFO - Successful response from http://api.jolpi.ca/ergast/f1/2025/4/results.json
2025-06-25 12:57:00,824 - services.api_client - INFO - GET request to: http://api.jolpi.ca/ergast/f1/2025/5/results.json
2025-06-25 12:57:01,250 - services.api_client - INFO - Successful response from http://api.jolpi.ca/ergast/f1/2025/5/results.json
2025-06-25 12:57:01,824 - services.api_client - INFO - GET request to: http://api.jolpi.ca/ergast/f1/2025/6/results.json
2025-06-25 12:57:02,252 - services.api_client - INFO - Successful response from http://api.jolpi.ca/ergast/f1/2025/6/results.json
2025-06-25 12:57:02,825 - services.api_client - INFO - GET request to: http://api.jolpi.ca/ergast/f1/2025/7/results.json
2025-06-25 12:57:03,252 - services.api_client - INFO - Successful response from http://api.jolpi.ca/ergast/f1/2025/7/results.json
2025-06-25 12:57:03,825 - services.api_client - INFO - GET request to: http://api.jolpi.ca/ergast/f1/2025/8/results.json
2025-06-25 12:57:04,254 - services.api_client - INFO - Successful response from http://api.jolpi.ca/ergast/f1/2025/8/results.json
2025-06-25 12:57:04,825 - services.api_client - INFO - GET request to: http://api.jolpi.ca/ergast/f1/2025/9/results.json
2025-06-25 12:57:05,257 - services.api_client - INFO - Successful response from http://api.jolpi.ca/ergast/f1/2025/9/results.json
2025-06-25 12:57:05,826 - services.api_client - INFO - GET request to: http://api.jolpi.ca/ergast/f1/2025/10/results.json
2025-06-25 12:57:06,254 - services.api_client - INFO - Successful response from http://api.jolpi.ca/ergast/f1/2025/10/results.json
2025-06-25 12:57:06,826 - services.api_client - INFO - GET request to: http://api.jolpi.ca/ergast/f1/2025/11/results.json
2025-06-25 12:57:07,255 - services.api_client - INFO - Successful response from http://api.jolpi.ca/ergast/f1/2025/11/results.json
2025-06-25 12:57:07,826 - services.api_client - INFO - GET request to: http://api.jolpi.ca/ergast/f1/2025/12/results.json
2025-06-25 12:57:08,256 - services.api_client - INFO - Successful response from http://api.jolpi.ca/ergast/f1/2025/12/results.json
2025-06-25 12:57:08,827 - services.api_client - INFO - GET request to: http://api.jolpi.ca/ergast/f1/2025/13/results.json
2025-06-25 12:57:09,255 - services.api_client - INFO - Successful response from http://api.jolpi.ca/ergast/f1/2025/13/results.json
2025-06-25 12:57:09,827 - services.api_client - INFO - GET request to: http://api.jolpi.ca/ergast/f1/2025/14/results.json
2025-06-25 12:57:10,254 - services.api_client - INFO - Successful response from http://api.jolpi.ca/ergast/f1/2025/14/results.json
2025-06-25 12:57:10,827 - services.api_client - INFO - GET request to: http://api.jolpi.ca/ergast/f1/2025/15/results.json
2025-06-25 12:57:11,254 - services.api_client - INFO - Successful response from http://api.jolpi.ca/ergast/f1/2025/15/results.json
2025-06-25 12:57:11,828 - services.api_client - INFO - GET request to: http://api.jolpi.ca/ergast/f1/2025/16/results.json
2025-06-25 12:57:12,259 - services.api_client - INFO - Successful response from http://api.jolpi.ca/ergast/f1/2025/16/results.json
2025-06-25 12:57:12,829 - services.api_client - INFO - GET request to: http://api.jolpi.ca/ergast/f1/2025/17/results.json
2025-06-25 12:57:13,258 - services.api_client - INFO - Successful response from http://api.jolpi.ca/ergast/f1/2025/17/results.json
2025-06-25 12:57:13,830 - services.api_client - INFO - GET request to: http://api.jolpi.ca/ergast/f1/2025/18/results.json
2025-06-25 12:57:14,258 - services.api_client - INFO - Successful response from http://api.jolpi.ca/ergast/f1/2025/18/results.json
2025-06-25 12:57:14,831 - services.api_client - INFO - GET request to: http://api.jolpi.ca/ergast/f1/2025/19/results.json
2025-06-25 12:57:15,262 - services.api_client - INFO - Successful response from http://api.jolpi.ca/ergast/f1/2025/19/results.json
2025-06-25 12:57:15,831 - services.api_client - INFO - GET request to: http://api.jolpi.ca/ergast/f1/2025/20/results.json
2025-06-25 12:57:16,257 - services.api_client - INFO - Successful response from http://api.jolpi.ca/ergast/f1/2025/20/results.json
2025-06-25 12:57:16,831 - services.api_client - INFO - GET request to: http://api.jolpi.ca/ergast/f1/2025/21/results.json
2025-06-25 12:57:17,262 - services.api_client - INFO - Successful response from http://api.jolpi.ca/ergast/f1/2025/21/results.json
2025-06-25 12:57:17,832 - services.api_client - INFO - GET request to: http://api.jolpi.ca/ergast/f1/2025/22/results.json
2025-06-25 12:57:18,265 - services.api_client - INFO - Successful response from http://api.jolpi.ca/ergast/f1/2025/22/results.json
2025-06-25 12:57:18,832 - services.api_client - INFO - GET request to: http://api.jolpi.ca/ergast/f1/2025/23/results.json
2025-06-25 12:57:19,260 - services.api_client - INFO - Successful response from http://api.jolpi.ca/ergast/f1/2025/23/results.json
2025-06-25 12:57:19,832 - services.api_client - INFO - GET request to: http://api.jolpi.ca/ergast/f1/2025/24/results.json
2025-06-25 12:57:20,263 - services.api_client - INFO - Successful response from http://api.jolpi.ca/ergast/f1/2025/24/results.json
2025-06-25 12:57:20,264 - services.data_service - INFO - Loaded 24 races for 2025
2025-06-25 12:57:20,267 - ui.main_window - INFO - Status updated: Calendar updated - 24 races
2025-06-25 13:07:12,274 - ui.main_window - INFO - Application closing
2025-06-25 13:07:12,363 - __main__ - INFO - Application exited with code: 0
2025-06-25 13:07:15,674 - __main__ - INFO - Logging system initialized
2025-06-25 13:07:15,674 - __main__ - INFO - Starting F1 & MotoGP Dashboard application
2025-06-25 13:07:15,675 - __main__ - INFO - Application directories created
2025-06-25 13:07:15,782 - __main__ - INFO - Qt application configured
2025-06-25 13:07:16,725 - utils.i18n - INFO - Loaded translations for: en
2025-06-25 13:07:16,726 - utils.i18n - INFO - Loaded translations for: es
2025-06-25 13:07:16,732 - utils.i18n - INFO - Language changed from en to en
2025-06-25 13:07:16,804 - services.api_client - INFO - Initialized ErgastAPIClient with base URL: http://api.jolpi.ca/ergast/f1
2025-06-25 13:07:17,568 - __main__ - INFO - Main window created and shown
2025-06-25 13:07:17,569 - __main__ - INFO - Application ready - entering event loop
2025-06-25 13:07:18,084 - ui.main_window - INFO - Status updated: Loading initial F1 data...
2025-06-25 13:07:18,096 - services.api_client - INFO - GET request to: http://api.jolpi.ca/ergast/f1/current/driverStandings.json
2025-06-25 13:07:18,103 - ui.main_window - INFO - Status updated: Loading F1 standings...
2025-06-25 13:07:19,218 - services.api_client - INFO - Successful response from http://api.jolpi.ca/ergast/f1/current/driverStandings.json
2025-06-25 13:07:19,219 - services.data_service - INFO - Loaded 21 driver standings
2025-06-25 13:07:19,228 - ui.widgets.f1_tab - INFO - Successfully loaded 21 standings
2025-06-25 13:07:19,230 - ui.main_window - INFO - Status updated: F1 standings updated (21 drivers)
2025-06-25 13:07:19,235 - services.api_client - INFO - GET request to: http://api.jolpi.ca/ergast/f1/2025.json
2025-06-25 13:07:19,502 - ui.main_window - INFO - Status updated: Loading race calendar...
2025-06-25 13:07:19,670 - services.api_client - INFO - Successful response from http://api.jolpi.ca/ergast/f1/2025.json
2025-06-25 13:07:20,236 - services.api_client - INFO - GET request to: http://api.jolpi.ca/ergast/f1/2025/1/results.json
2025-06-25 13:07:20,960 - services.api_client - INFO - Successful response from http://api.jolpi.ca/ergast/f1/2025/1/results.json
2025-06-25 13:07:21,237 - services.api_client - INFO - GET request to: http://api.jolpi.ca/ergast/f1/2025/2/results.json
2025-06-25 13:07:21,931 - services.api_client - INFO - Successful response from http://api.jolpi.ca/ergast/f1/2025/2/results.json
2025-06-25 13:07:22,238 - services.api_client - INFO - GET request to: http://api.jolpi.ca/ergast/f1/2025/3/results.json
2025-06-25 13:07:22,943 - services.api_client - INFO - Successful response from http://api.jolpi.ca/ergast/f1/2025/3/results.json
2025-06-25 13:07:23,238 - services.api_client - INFO - GET request to: http://api.jolpi.ca/ergast/f1/2025/4/results.json
2025-06-25 13:07:23,945 - services.api_client - INFO - Successful response from http://api.jolpi.ca/ergast/f1/2025/4/results.json
2025-06-25 13:07:24,239 - services.api_client - INFO - GET request to: http://api.jolpi.ca/ergast/f1/2025/5/results.json
2025-06-25 13:07:24,938 - services.api_client - INFO - Successful response from http://api.jolpi.ca/ergast/f1/2025/5/results.json
2025-06-25 13:07:25,240 - services.api_client - INFO - GET request to: http://api.jolpi.ca/ergast/f1/2025/6/results.json
2025-06-25 13:07:25,748 - services.api_client - INFO - Successful response from http://api.jolpi.ca/ergast/f1/2025/6/results.json
2025-06-25 13:07:26,241 - services.api_client - INFO - GET request to: http://api.jolpi.ca/ergast/f1/2025/7/results.json
2025-06-25 13:07:26,771 - services.api_client - INFO - Successful response from http://api.jolpi.ca/ergast/f1/2025/7/results.json
2025-06-25 13:07:27,242 - services.api_client - INFO - GET request to: http://api.jolpi.ca/ergast/f1/2025/8/results.json
2025-06-25 13:07:27,932 - services.api_client - INFO - Successful response from http://api.jolpi.ca/ergast/f1/2025/8/results.json
2025-06-25 13:07:28,243 - services.api_client - INFO - GET request to: http://api.jolpi.ca/ergast/f1/2025/9/results.json
2025-06-25 13:07:28,962 - services.api_client - INFO - Successful response from http://api.jolpi.ca/ergast/f1/2025/9/results.json
2025-06-25 13:07:29,244 - services.api_client - INFO - GET request to: http://api.jolpi.ca/ergast/f1/2025/10/results.json
2025-06-25 13:07:29,939 - services.api_client - INFO - Successful response from http://api.jolpi.ca/ergast/f1/2025/10/results.json
2025-06-25 13:07:30,244 - services.api_client - INFO - GET request to: http://api.jolpi.ca/ergast/f1/2025/11/results.json
2025-06-25 13:07:30,692 - services.api_client - INFO - Successful response from http://api.jolpi.ca/ergast/f1/2025/11/results.json
2025-06-25 13:07:31,244 - services.api_client - INFO - GET request to: http://api.jolpi.ca/ergast/f1/2025/12/results.json
2025-06-25 13:07:31,700 - services.api_client - INFO - Successful response from http://api.jolpi.ca/ergast/f1/2025/12/results.json
2025-06-25 13:07:32,245 - services.api_client - INFO - GET request to: http://api.jolpi.ca/ergast/f1/2025/13/results.json
2025-06-25 13:07:32,693 - services.api_client - INFO - Successful response from http://api.jolpi.ca/ergast/f1/2025/13/results.json
2025-06-25 13:07:33,246 - services.api_client - INFO - GET request to: http://api.jolpi.ca/ergast/f1/2025/14/results.json
2025-06-25 13:07:33,693 - services.api_client - INFO - Successful response from http://api.jolpi.ca/ergast/f1/2025/14/results.json
2025-06-25 13:07:34,247 - services.api_client - INFO - GET request to: http://api.jolpi.ca/ergast/f1/2025/15/results.json
2025-06-25 13:07:34,886 - services.api_client - INFO - Successful response from http://api.jolpi.ca/ergast/f1/2025/15/results.json
2025-06-25 13:07:35,248 - services.api_client - INFO - GET request to: http://api.jolpi.ca/ergast/f1/2025/16/results.json
2025-06-25 13:07:35,695 - services.api_client - INFO - Successful response from http://api.jolpi.ca/ergast/f1/2025/16/results.json
2025-06-25 13:07:36,249 - services.api_client - INFO - GET request to: http://api.jolpi.ca/ergast/f1/2025/17/results.json
2025-06-25 13:07:36,698 - services.api_client - INFO - Successful response from http://api.jolpi.ca/ergast/f1/2025/17/results.json
2025-06-25 13:07:37,249 - services.api_client - INFO - GET request to: http://api.jolpi.ca/ergast/f1/2025/18/results.json
2025-06-25 13:07:37,700 - services.api_client - INFO - Successful response from http://api.jolpi.ca/ergast/f1/2025/18/results.json
2025-06-25 13:07:38,250 - services.api_client - INFO - GET request to: http://api.jolpi.ca/ergast/f1/2025/19/results.json
2025-06-25 13:07:38,700 - services.api_client - INFO - Successful response from http://api.jolpi.ca/ergast/f1/2025/19/results.json
2025-06-25 13:07:39,251 - services.api_client - INFO - GET request to: http://api.jolpi.ca/ergast/f1/2025/20/results.json
2025-06-25 13:07:39,699 - services.api_client - INFO - Successful response from http://api.jolpi.ca/ergast/f1/2025/20/results.json
2025-06-25 13:07:40,251 - services.api_client - INFO - GET request to: http://api.jolpi.ca/ergast/f1/2025/21/results.json
2025-06-25 13:07:40,697 - services.api_client - INFO - Successful response from http://api.jolpi.ca/ergast/f1/2025/21/results.json
2025-06-25 13:07:41,252 - services.api_client - INFO - GET request to: http://api.jolpi.ca/ergast/f1/2025/22/results.json
2025-06-25 13:07:41,698 - services.api_client - INFO - Successful response from http://api.jolpi.ca/ergast/f1/2025/22/results.json
2025-06-25 13:07:42,252 - services.api_client - INFO - GET request to: http://api.jolpi.ca/ergast/f1/2025/23/results.json
2025-06-25 13:07:42,710 - services.api_client - INFO - Successful response from http://api.jolpi.ca/ergast/f1/2025/23/results.json
2025-06-25 13:07:43,253 - services.api_client - INFO - GET request to: http://api.jolpi.ca/ergast/f1/2025/24/results.json
2025-06-25 13:07:43,703 - services.api_client - INFO - Successful response from http://api.jolpi.ca/ergast/f1/2025/24/results.json
2025-06-25 13:07:43,703 - services.data_service - INFO - Loaded 24 races for 2025
2025-06-25 13:07:43,707 - ui.main_window - INFO - Status updated: Calendar updated - 24 races
2025-06-25 13:08:44,879 - ui.main_window - INFO - Application closing
2025-06-25 13:08:44,918 - __main__ - INFO - Application exited with code: 0
2025-06-26 09:49:37,711 - __main__ - INFO - Logging system initialized
2025-06-26 09:49:37,712 - __main__ - INFO - Starting F1 & MotoGP Dashboard application
2025-06-26 09:49:37,713 - __main__ - INFO - Application directories created
2025-06-26 09:49:37,772 - __main__ - INFO - Qt application configured
2025-06-26 09:49:38,491 - utils.i18n - INFO - Loaded translations for: en
2025-06-26 09:49:38,492 - utils.i18n - INFO - Loaded translations for: es
2025-06-26 09:49:38,497 - utils.i18n - INFO - Language changed from en to en
2025-06-26 09:49:38,650 - services.api_client - INFO - Initialized ErgastAPIClient with base URL: http://api.jolpi.ca/ergast/f1
2025-06-26 09:49:38,924 - __main__ - INFO - Main window created and shown
2025-06-26 09:49:38,925 - __main__ - INFO - Application ready - entering event loop
2025-06-26 09:49:47,669 - services.api_client - INFO - GET request to: http://api.jolpi.ca/ergast/f1/current/driverStandings.json
2025-06-26 09:49:49,086 - services.api_client - INFO - Successful response from http://api.jolpi.ca/ergast/f1/current/driverStandings.json
2025-06-26 09:49:49,086 - services.data_service - INFO - Loaded 21 driver standings
2025-06-26 09:49:49,094 - services.api_client - INFO - GET request to: http://api.jolpi.ca/ergast/f1/2025.json
2025-06-26 09:49:49,560 - services.api_client - INFO - Successful response from http://api.jolpi.ca/ergast/f1/2025.json
2025-06-26 09:49:50,095 - services.api_client - INFO - GET request to: http://api.jolpi.ca/ergast/f1/2025/1/results.json
2025-06-26 09:49:50,604 - services.api_client - INFO - Successful response from http://api.jolpi.ca/ergast/f1/2025/1/results.json
2025-06-26 09:49:51,095 - services.api_client - INFO - GET request to: http://api.jolpi.ca/ergast/f1/2025/2/results.json
2025-06-26 09:49:51,602 - services.api_client - INFO - Successful response from http://api.jolpi.ca/ergast/f1/2025/2/results.json
2025-06-26 09:49:52,096 - services.api_client - INFO - GET request to: http://api.jolpi.ca/ergast/f1/2025/3/results.json
2025-06-26 09:49:52,835 - services.api_client - INFO - Successful response from http://api.jolpi.ca/ergast/f1/2025/3/results.json
2025-06-26 09:49:53,097 - services.api_client - INFO - GET request to: http://api.jolpi.ca/ergast/f1/2025/4/results.json
2025-06-26 09:49:53,626 - services.api_client - INFO - Successful response from http://api.jolpi.ca/ergast/f1/2025/4/results.json
2025-06-26 09:49:54,097 - services.api_client - INFO - GET request to: http://api.jolpi.ca/ergast/f1/2025/5/results.json
2025-06-26 09:49:54,600 - services.api_client - INFO - Successful response from http://api.jolpi.ca/ergast/f1/2025/5/results.json
2025-06-26 09:49:55,098 - services.api_client - INFO - GET request to: http://api.jolpi.ca/ergast/f1/2025/6/results.json
2025-06-26 09:49:55,611 - services.api_client - INFO - Successful response from http://api.jolpi.ca/ergast/f1/2025/6/results.json
2025-06-26 09:49:56,099 - services.api_client - INFO - GET request to: http://api.jolpi.ca/ergast/f1/2025/7/results.json
2025-06-26 09:49:56,598 - services.api_client - INFO - Successful response from http://api.jolpi.ca/ergast/f1/2025/7/results.json
2025-06-26 09:49:57,100 - services.api_client - INFO - GET request to: http://api.jolpi.ca/ergast/f1/2025/8/results.json
2025-06-26 09:49:57,597 - services.api_client - INFO - Successful response from http://api.jolpi.ca/ergast/f1/2025/8/results.json
2025-06-26 09:49:58,100 - services.api_client - INFO - GET request to: http://api.jolpi.ca/ergast/f1/2025/9/results.json
2025-06-26 09:49:58,595 - services.api_client - INFO - Successful response from http://api.jolpi.ca/ergast/f1/2025/9/results.json
2025-06-26 09:49:59,101 - services.api_client - INFO - GET request to: http://api.jolpi.ca/ergast/f1/2025/10/results.json
2025-06-26 09:49:59,797 - services.api_client - INFO - Successful response from http://api.jolpi.ca/ergast/f1/2025/10/results.json
2025-06-26 09:50:00,101 - services.api_client - INFO - GET request to: http://api.jolpi.ca/ergast/f1/2025/11/results.json
2025-06-26 09:50:00,860 - services.api_client - INFO - Successful response from http://api.jolpi.ca/ergast/f1/2025/11/results.json
2025-06-26 09:50:01,102 - services.api_client - INFO - GET request to: http://api.jolpi.ca/ergast/f1/2025/12/results.json
2025-06-26 09:50:01,541 - services.api_client - INFO - Successful response from http://api.jolpi.ca/ergast/f1/2025/12/results.json
2025-06-26 09:50:02,103 - services.api_client - INFO - GET request to: http://api.jolpi.ca/ergast/f1/2025/13/results.json
2025-06-26 09:50:02,540 - services.api_client - INFO - Successful response from http://api.jolpi.ca/ergast/f1/2025/13/results.json
2025-06-26 09:50:03,103 - services.api_client - INFO - GET request to: http://api.jolpi.ca/ergast/f1/2025/14/results.json
2025-06-26 09:50:03,540 - services.api_client - INFO - Successful response from http://api.jolpi.ca/ergast/f1/2025/14/results.json
2025-06-26 09:50:04,104 - services.api_client - INFO - GET request to: http://api.jolpi.ca/ergast/f1/2025/15/results.json
2025-06-26 09:50:04,845 - services.api_client - INFO - Successful response from http://api.jolpi.ca/ergast/f1/2025/15/results.json
2025-06-26 09:50:05,104 - services.api_client - INFO - GET request to: http://api.jolpi.ca/ergast/f1/2025/16/results.json
2025-06-26 09:50:05,547 - services.api_client - INFO - Successful response from http://api.jolpi.ca/ergast/f1/2025/16/results.json
2025-06-26 09:50:06,104 - services.api_client - INFO - GET request to: http://api.jolpi.ca/ergast/f1/2025/17/results.json
2025-06-26 09:50:06,543 - services.api_client - INFO - Successful response from http://api.jolpi.ca/ergast/f1/2025/17/results.json
2025-06-26 09:50:07,105 - services.api_client - INFO - GET request to: http://api.jolpi.ca/ergast/f1/2025/18/results.json
2025-06-26 09:50:07,546 - services.api_client - INFO - Successful response from http://api.jolpi.ca/ergast/f1/2025/18/results.json
2025-06-26 09:50:08,105 - services.api_client - INFO - GET request to: http://api.jolpi.ca/ergast/f1/2025/19/results.json
2025-06-26 09:50:08,543 - services.api_client - INFO - Successful response from http://api.jolpi.ca/ergast/f1/2025/19/results.json
2025-06-26 09:50:09,106 - services.api_client - INFO - GET request to: http://api.jolpi.ca/ergast/f1/2025/20/results.json
2025-06-26 09:50:09,548 - services.api_client - INFO - Successful response from http://api.jolpi.ca/ergast/f1/2025/20/results.json
2025-06-26 09:50:10,106 - services.api_client - INFO - GET request to: http://api.jolpi.ca/ergast/f1/2025/21/results.json
2025-06-26 09:50:10,587 - services.api_client - INFO - Successful response from http://api.jolpi.ca/ergast/f1/2025/21/results.json
2025-06-26 09:50:11,107 - services.api_client - INFO - GET request to: http://api.jolpi.ca/ergast/f1/2025/22/results.json
2025-06-26 09:50:11,571 - services.api_client - INFO - Successful response from http://api.jolpi.ca/ergast/f1/2025/22/results.json
2025-06-26 09:50:12,108 - services.api_client - INFO - GET request to: http://api.jolpi.ca/ergast/f1/2025/23/results.json
2025-06-26 09:50:12,570 - services.api_client - INFO - Successful response from http://api.jolpi.ca/ergast/f1/2025/23/results.json
2025-06-26 09:50:13,108 - services.api_client - INFO - GET request to: http://api.jolpi.ca/ergast/f1/2025/24/results.json
2025-06-26 09:50:13,547 - services.api_client - INFO - Successful response from http://api.jolpi.ca/ergast/f1/2025/24/results.json
2025-06-26 09:50:13,547 - services.data_service - INFO - Loaded 24 races for 2025
2025-06-26 09:50:39,515 - services.api_client - INFO - GET request to: http://api.jolpi.ca/ergast/f1/current/driverStandings.json
2025-06-26 09:50:39,943 - services.api_client - INFO - Successful response from http://api.jolpi.ca/ergast/f1/current/driverStandings.json
2025-06-26 09:50:39,944 - services.data_service - INFO - Loaded 21 driver standings
2025-06-26 09:50:40,515 - services.api_client - INFO - GET request to: http://api.jolpi.ca/ergast/f1/2025.json
2025-06-26 09:50:40,942 - services.api_client - INFO - Successful response from http://api.jolpi.ca/ergast/f1/2025.json
2025-06-26 09:50:41,516 - services.api_client - INFO - GET request to: http://api.jolpi.ca/ergast/f1/2025/1/results.json
2025-06-26 09:50:41,942 - services.api_client - INFO - Successful response from http://api.jolpi.ca/ergast/f1/2025/1/results.json
2025-06-26 09:50:42,516 - services.api_client - INFO - GET request to: http://api.jolpi.ca/ergast/f1/2025/2/results.json
2025-06-26 09:50:42,942 - services.api_client - INFO - Successful response from http://api.jolpi.ca/ergast/f1/2025/2/results.json
2025-06-26 09:50:43,516 - services.api_client - INFO - GET request to: http://api.jolpi.ca/ergast/f1/2025/3/results.json
2025-06-26 09:50:43,944 - services.api_client - INFO - Successful response from http://api.jolpi.ca/ergast/f1/2025/3/results.json
2025-06-26 09:50:44,517 - services.api_client - INFO - GET request to: http://api.jolpi.ca/ergast/f1/2025/4/results.json
2025-06-26 09:50:44,945 - services.api_client - INFO - Successful response from http://api.jolpi.ca/ergast/f1/2025/4/results.json
2025-06-26 09:50:45,517 - services.api_client - INFO - GET request to: http://api.jolpi.ca/ergast/f1/2025/5/results.json
2025-06-26 09:50:45,947 - services.api_client - INFO - Successful response from http://api.jolpi.ca/ergast/f1/2025/5/results.json
2025-06-26 09:50:46,518 - services.api_client - INFO - GET request to: http://api.jolpi.ca/ergast/f1/2025/6/results.json
2025-06-26 09:50:46,943 - services.api_client - INFO - Successful response from http://api.jolpi.ca/ergast/f1/2025/6/results.json
2025-06-26 09:50:47,518 - services.api_client - INFO - GET request to: http://api.jolpi.ca/ergast/f1/2025/7/results.json
2025-06-26 09:50:47,947 - services.api_client - INFO - Successful response from http://api.jolpi.ca/ergast/f1/2025/7/results.json
2025-06-26 09:50:48,519 - services.api_client - INFO - GET request to: http://api.jolpi.ca/ergast/f1/2025/8/results.json
2025-06-26 09:50:48,952 - services.api_client - INFO - Successful response from http://api.jolpi.ca/ergast/f1/2025/8/results.json
2025-06-26 09:50:49,520 - services.api_client - INFO - GET request to: http://api.jolpi.ca/ergast/f1/2025/9/results.json
2025-06-26 09:50:49,949 - services.api_client - INFO - Successful response from http://api.jolpi.ca/ergast/f1/2025/9/results.json
2025-06-26 09:50:50,520 - services.api_client - INFO - GET request to: http://api.jolpi.ca/ergast/f1/2025/10/results.json
2025-06-26 09:50:50,947 - services.api_client - INFO - Successful response from http://api.jolpi.ca/ergast/f1/2025/10/results.json
2025-06-26 09:50:51,521 - services.api_client - INFO - GET request to: http://api.jolpi.ca/ergast/f1/2025/11/results.json
2025-06-26 09:50:51,947 - services.api_client - INFO - Successful response from http://api.jolpi.ca/ergast/f1/2025/11/results.json
2025-06-26 09:50:52,522 - services.api_client - INFO - GET request to: http://api.jolpi.ca/ergast/f1/2025/12/results.json
2025-06-26 09:50:52,947 - services.api_client - INFO - Successful response from http://api.jolpi.ca/ergast/f1/2025/12/results.json
2025-06-26 09:50:53,522 - services.api_client - INFO - GET request to: http://api.jolpi.ca/ergast/f1/2025/13/results.json
2025-06-26 09:50:53,948 - services.api_client - INFO - Successful response from http://api.jolpi.ca/ergast/f1/2025/13/results.json
2025-06-26 09:50:54,523 - services.api_client - INFO - GET request to: http://api.jolpi.ca/ergast/f1/2025/14/results.json
2025-06-26 09:50:54,951 - services.api_client - INFO - Successful response from http://api.jolpi.ca/ergast/f1/2025/14/results.json
2025-06-26 09:50:55,524 - services.api_client - INFO - GET request to: http://api.jolpi.ca/ergast/f1/2025/15/results.json
2025-06-26 09:50:55,952 - services.api_client - INFO - Successful response from http://api.jolpi.ca/ergast/f1/2025/15/results.json
2025-06-26 09:50:56,524 - services.api_client - INFO - GET request to: http://api.jolpi.ca/ergast/f1/2025/16/results.json
2025-06-26 09:50:56,954 - services.api_client - INFO - Successful response from http://api.jolpi.ca/ergast/f1/2025/16/results.json
2025-06-26 09:50:57,525 - services.api_client - INFO - GET request to: http://api.jolpi.ca/ergast/f1/2025/17/results.json
2025-06-26 09:50:57,951 - services.api_client - INFO - Successful response from http://api.jolpi.ca/ergast/f1/2025/17/results.json
2025-06-26 09:50:58,525 - services.api_client - INFO - GET request to: http://api.jolpi.ca/ergast/f1/2025/18/results.json
2025-06-26 09:50:58,958 - services.api_client - INFO - Successful response from http://api.jolpi.ca/ergast/f1/2025/18/results.json
2025-06-26 09:50:59,526 - services.api_client - INFO - GET request to: http://api.jolpi.ca/ergast/f1/2025/19/results.json
2025-06-26 09:50:59,954 - services.api_client - INFO - Successful response from http://api.jolpi.ca/ergast/f1/2025/19/results.json
2025-06-26 09:51:00,527 - services.api_client - INFO - GET request to: http://api.jolpi.ca/ergast/f1/2025/20/results.json
2025-06-26 09:51:00,954 - services.api_client - INFO - Successful response from http://api.jolpi.ca/ergast/f1/2025/20/results.json
2025-06-26 09:51:01,528 - services.api_client - INFO - GET request to: http://api.jolpi.ca/ergast/f1/2025/21/results.json
2025-06-26 09:51:01,956 - services.api_client - INFO - Successful response from http://api.jolpi.ca/ergast/f1/2025/21/results.json
2025-06-26 09:51:02,529 - services.api_client - INFO - GET request to: http://api.jolpi.ca/ergast/f1/2025/22/results.json
2025-06-26 09:51:02,957 - services.api_client - INFO - Successful response from http://api.jolpi.ca/ergast/f1/2025/22/results.json
2025-06-26 09:51:03,529 - services.api_client - INFO - GET request to: http://api.jolpi.ca/ergast/f1/2025/23/results.json
2025-06-26 09:51:03,954 - services.api_client - INFO - Successful response from http://api.jolpi.ca/ergast/f1/2025/23/results.json
2025-06-26 09:51:04,529 - services.api_client - INFO - GET request to: http://api.jolpi.ca/ergast/f1/2025/24/results.json
2025-06-26 09:51:04,954 - services.api_client - INFO - Successful response from http://api.jolpi.ca/ergast/f1/2025/24/results.json
2025-06-26 09:51:04,955 - services.data_service - INFO - Loaded 24 races for 2025
2025-06-26 10:01:45,632 - __main__ - INFO - Application exited with code: 0
2025-06-26 10:01:59,601 - __main__ - INFO - Logging system initialized
2025-06-26 10:01:59,602 - __main__ - INFO - Starting F1 & MotoGP Dashboard application
2025-06-26 10:01:59,603 - __main__ - INFO - Application directories created
2025-06-26 10:01:59,659 - __main__ - INFO - Qt application configured
2025-06-26 10:02:00,405 - utils.i18n - INFO - Loaded translations for: en
2025-06-26 10:02:00,406 - utils.i18n - INFO - Loaded translations for: es
2025-06-26 10:02:00,411 - utils.i18n - INFO - Language changed from en to en
2025-06-26 10:02:00,451 - services.api_client - INFO - Initialized ErgastAPIClient with base URL: http://api.jolpi.ca/ergast/f1
2025-06-26 10:02:00,895 - __main__ - INFO - Main window created and shown
2025-06-26 10:02:00,896 - __main__ - INFO - Application ready - entering event loop
2025-06-26 10:02:06,936 - services.api_client - INFO - GET request to: http://api.jolpi.ca/ergast/f1/current/driverStandings.json
2025-06-26 10:02:08,230 - services.api_client - INFO - Successful response from http://api.jolpi.ca/ergast/f1/current/driverStandings.json
2025-06-26 10:02:08,231 - services.data_service - INFO - Loaded 21 driver standings
2025-06-26 10:02:46,482 - services.api_client - INFO - GET request to: http://api.jolpi.ca/ergast/f1/2025.json
2025-06-26 10:02:46,915 - services.api_client - INFO - Successful response from http://api.jolpi.ca/ergast/f1/2025.json
2025-06-26 10:02:47,482 - services.api_client - INFO - GET request to: http://api.jolpi.ca/ergast/f1/2025/1/results.json
2025-06-26 10:02:47,906 - services.api_client - INFO - Successful response from http://api.jolpi.ca/ergast/f1/2025/1/results.json
2025-06-26 10:02:48,482 - services.api_client - INFO - GET request to: http://api.jolpi.ca/ergast/f1/2025/2/results.json
2025-06-26 10:02:48,913 - services.api_client - INFO - Successful response from http://api.jolpi.ca/ergast/f1/2025/2/results.json
2025-06-26 10:02:49,483 - services.api_client - INFO - GET request to: http://api.jolpi.ca/ergast/f1/2025/3/results.json
2025-06-26 10:02:49,908 - services.api_client - INFO - Successful response from http://api.jolpi.ca/ergast/f1/2025/3/results.json
2025-06-26 10:02:50,485 - services.api_client - INFO - GET request to: http://api.jolpi.ca/ergast/f1/2025/4/results.json
2025-06-26 10:02:50,914 - services.api_client - INFO - Successful response from http://api.jolpi.ca/ergast/f1/2025/4/results.json
2025-06-26 10:02:51,485 - services.api_client - INFO - GET request to: http://api.jolpi.ca/ergast/f1/2025/5/results.json
2025-06-26 10:02:51,910 - services.api_client - INFO - Successful response from http://api.jolpi.ca/ergast/f1/2025/5/results.json
2025-06-26 10:02:52,485 - services.api_client - INFO - GET request to: http://api.jolpi.ca/ergast/f1/2025/6/results.json
2025-06-26 10:02:52,910 - services.api_client - INFO - Successful response from http://api.jolpi.ca/ergast/f1/2025/6/results.json
2025-06-26 10:02:53,486 - services.api_client - INFO - GET request to: http://api.jolpi.ca/ergast/f1/2025/7/results.json
2025-06-26 10:02:53,911 - services.api_client - INFO - Successful response from http://api.jolpi.ca/ergast/f1/2025/7/results.json
2025-06-26 10:02:54,486 - services.api_client - INFO - GET request to: http://api.jolpi.ca/ergast/f1/2025/8/results.json
2025-06-26 10:02:54,911 - services.api_client - INFO - Successful response from http://api.jolpi.ca/ergast/f1/2025/8/results.json
2025-06-26 10:02:55,487 - services.api_client - INFO - GET request to: http://api.jolpi.ca/ergast/f1/2025/9/results.json
2025-06-26 10:02:55,915 - services.api_client - INFO - Successful response from http://api.jolpi.ca/ergast/f1/2025/9/results.json
2025-06-26 10:02:56,487 - services.api_client - INFO - GET request to: http://api.jolpi.ca/ergast/f1/2025/10/results.json
2025-06-26 10:02:56,925 - services.api_client - INFO - Successful response from http://api.jolpi.ca/ergast/f1/2025/10/results.json
2025-06-26 10:02:57,488 - services.api_client - INFO - GET request to: http://api.jolpi.ca/ergast/f1/2025/11/results.json
2025-06-26 10:02:57,914 - services.api_client - INFO - Successful response from http://api.jolpi.ca/ergast/f1/2025/11/results.json
2025-06-26 10:02:58,488 - services.api_client - INFO - GET request to: http://api.jolpi.ca/ergast/f1/2025/12/results.json
2025-06-26 10:02:58,915 - services.api_client - INFO - Successful response from http://api.jolpi.ca/ergast/f1/2025/12/results.json
2025-06-26 10:02:59,489 - services.api_client - INFO - GET request to: http://api.jolpi.ca/ergast/f1/2025/13/results.json
2025-06-26 10:02:59,918 - services.api_client - INFO - Successful response from http://api.jolpi.ca/ergast/f1/2025/13/results.json
2025-06-26 10:03:00,489 - services.api_client - INFO - GET request to: http://api.jolpi.ca/ergast/f1/2025/14/results.json
2025-06-26 10:03:00,914 - services.api_client - INFO - Successful response from http://api.jolpi.ca/ergast/f1/2025/14/results.json
2025-06-26 10:03:01,490 - services.api_client - INFO - GET request to: http://api.jolpi.ca/ergast/f1/2025/15/results.json
2025-06-26 10:03:01,924 - services.api_client - INFO - Successful response from http://api.jolpi.ca/ergast/f1/2025/15/results.json
2025-06-26 10:03:02,491 - services.api_client - INFO - GET request to: http://api.jolpi.ca/ergast/f1/2025/16/results.json
2025-06-26 10:03:02,919 - services.api_client - INFO - Successful response from http://api.jolpi.ca/ergast/f1/2025/16/results.json
2025-06-26 10:03:03,491 - services.api_client - INFO - GET request to: http://api.jolpi.ca/ergast/f1/2025/17/results.json
2025-06-26 10:03:03,915 - services.api_client - INFO - Successful response from http://api.jolpi.ca/ergast/f1/2025/17/results.json
2025-06-26 10:03:04,492 - services.api_client - INFO - GET request to: http://api.jolpi.ca/ergast/f1/2025/18/results.json
2025-06-26 10:03:04,915 - services.api_client - INFO - Successful response from http://api.jolpi.ca/ergast/f1/2025/18/results.json
2025-06-26 10:03:05,493 - services.api_client - INFO - GET request to: http://api.jolpi.ca/ergast/f1/2025/19/results.json
2025-06-26 10:03:05,919 - services.api_client - INFO - Successful response from http://api.jolpi.ca/ergast/f1/2025/19/results.json
2025-06-26 10:03:06,493 - services.api_client - INFO - GET request to: http://api.jolpi.ca/ergast/f1/2025/20/results.json
2025-06-26 10:03:06,917 - services.api_client - INFO - Successful response from http://api.jolpi.ca/ergast/f1/2025/20/results.json
2025-06-26 10:03:07,494 - services.api_client - INFO - GET request to: http://api.jolpi.ca/ergast/f1/2025/21/results.json
2025-06-26 10:03:07,922 - services.api_client - INFO - Successful response from http://api.jolpi.ca/ergast/f1/2025/21/results.json
2025-06-26 10:03:08,495 - services.api_client - INFO - GET request to: http://api.jolpi.ca/ergast/f1/2025/22/results.json
2025-06-26 10:03:08,917 - services.api_client - INFO - Successful response from http://api.jolpi.ca/ergast/f1/2025/22/results.json
2025-06-26 10:03:09,495 - services.api_client - INFO - GET request to: http://api.jolpi.ca/ergast/f1/2025/23/results.json
2025-06-26 10:03:09,921 - services.api_client - INFO - Successful response from http://api.jolpi.ca/ergast/f1/2025/23/results.json
2025-06-26 10:03:10,496 - services.api_client - INFO - GET request to: http://api.jolpi.ca/ergast/f1/2025/24/results.json
2025-06-26 10:03:10,920 - services.api_client - INFO - Successful response from http://api.jolpi.ca/ergast/f1/2025/24/results.json
2025-06-26 10:03:10,921 - services.data_service - INFO - Loaded 24 races for 2025
2025-06-26 10:05:13,187 - __main__ - INFO - Application exited with code: 0
2025-06-26 10:05:20,142 - __main__ - INFO - Logging system initialized
2025-06-26 10:05:20,142 - __main__ - INFO - Starting F1 & MotoGP Dashboard application
2025-06-26 10:05:20,144 - __main__ - INFO - Application directories created
2025-06-26 10:05:20,200 - __main__ - INFO - Qt application configured
2025-06-26 10:05:20,880 - utils.i18n - INFO - Loaded translations for: en
2025-06-26 10:05:20,881 - utils.i18n - INFO - Loaded translations for: es
2025-06-26 10:05:20,885 - utils.i18n - INFO - Language changed from en to en
2025-06-26 10:05:20,916 - services.api_client - INFO - Initialized ErgastAPIClient with base URL: http://api.jolpi.ca/ergast/f1
2025-06-26 10:05:21,322 - __main__ - INFO - Main window created and shown
2025-06-26 10:05:21,324 - __main__ - INFO - Application ready - entering event loop
2025-06-26 10:05:31,223 - services.api_client - INFO - GET request to: http://api.jolpi.ca/ergast/f1/current/driverStandings.json
2025-06-26 10:05:32,332 - services.api_client - INFO - Successful response from http://api.jolpi.ca/ergast/f1/current/driverStandings.json
2025-06-26 10:05:32,333 - services.data_service - INFO - Loaded 21 driver standings
2025-06-26 10:05:39,606 - services.api_client - INFO - GET request to: http://api.jolpi.ca/ergast/f1/current/driverStandings.json
2025-06-26 10:05:40,033 - services.api_client - INFO - Successful response from http://api.jolpi.ca/ergast/f1/current/driverStandings.json
2025-06-26 10:05:40,033 - services.data_service - INFO - Loaded 21 driver standings
2025-06-26 10:05:44,430 - services.api_client - INFO - GET request to: http://api.jolpi.ca/ergast/f1/2025.json
2025-06-26 10:05:45,005 - services.api_client - INFO - Successful response from http://api.jolpi.ca/ergast/f1/2025.json
2025-06-26 10:05:45,431 - services.api_client - INFO - GET request to: http://api.jolpi.ca/ergast/f1/2025/1/results.json
2025-06-26 10:05:45,859 - services.api_client - INFO - Successful response from http://api.jolpi.ca/ergast/f1/2025/1/results.json
2025-06-26 10:05:46,431 - services.api_client - INFO - GET request to: http://api.jolpi.ca/ergast/f1/2025/2/results.json
2025-06-26 10:05:46,859 - services.api_client - INFO - Successful response from http://api.jolpi.ca/ergast/f1/2025/2/results.json
2025-06-26 10:05:47,431 - services.api_client - INFO - GET request to: http://api.jolpi.ca/ergast/f1/2025/3/results.json
2025-06-26 10:05:47,859 - services.api_client - INFO - Successful response from http://api.jolpi.ca/ergast/f1/2025/3/results.json
2025-06-26 10:05:48,432 - services.api_client - INFO - GET request to: http://api.jolpi.ca/ergast/f1/2025/4/results.json
2025-06-26 10:05:48,857 - services.api_client - INFO - Successful response from http://api.jolpi.ca/ergast/f1/2025/4/results.json
2025-06-26 10:05:49,432 - services.api_client - INFO - GET request to: http://api.jolpi.ca/ergast/f1/2025/5/results.json
2025-06-26 10:05:49,858 - services.api_client - INFO - Successful response from http://api.jolpi.ca/ergast/f1/2025/5/results.json
2025-06-26 10:05:50,433 - services.api_client - INFO - GET request to: http://api.jolpi.ca/ergast/f1/2025/6/results.json
2025-06-26 10:05:50,864 - services.api_client - INFO - Successful response from http://api.jolpi.ca/ergast/f1/2025/6/results.json
2025-06-26 10:05:51,026 - __main__ - INFO - Application exited with code: 0
2025-06-26 10:05:58,234 - __main__ - INFO - Logging system initialized
2025-06-26 10:05:58,234 - __main__ - INFO - Starting F1 & MotoGP Dashboard application
2025-06-26 10:05:58,235 - __main__ - INFO - Application directories created
2025-06-26 10:05:58,292 - __main__ - INFO - Qt application configured
2025-06-26 10:05:58,986 - utils.i18n - INFO - Loaded translations for: en
2025-06-26 10:05:58,986 - utils.i18n - INFO - Loaded translations for: es
2025-06-26 10:05:58,991 - utils.i18n - INFO - Language changed from en to en
2025-06-26 10:05:59,028 - services.api_client - INFO - Initialized ErgastAPIClient with base URL: http://api.jolpi.ca/ergast/f1
2025-06-26 10:05:59,539 - __main__ - INFO - Main window created and shown
2025-06-26 10:05:59,540 - __main__ - INFO - Application ready - entering event loop
2025-06-26 10:06:02,047 - services.api_client - INFO - GET request to: http://api.jolpi.ca/ergast/f1/current/driverStandings.json
2025-06-26 10:06:03,151 - services.api_client - INFO - Successful response from http://api.jolpi.ca/ergast/f1/current/driverStandings.json
2025-06-26 10:06:03,152 - services.data_service - INFO - Loaded 21 driver standings
2025-06-26 10:14:17,688 - __main__ - INFO - Application exited with code: 0
2025-06-26 10:14:21,270 - __main__ - INFO - Logging system initialized
2025-06-26 10:14:21,270 - __main__ - INFO - Starting F1 & MotoGP Dashboard application
2025-06-26 10:14:21,271 - __main__ - INFO - Application directories created
2025-06-26 10:14:21,339 - __main__ - INFO - Qt application configured
2025-06-26 10:14:22,089 - utils.i18n - INFO - Loaded translations for: en
2025-06-26 10:14:22,090 - utils.i18n - INFO - Loaded translations for: es
2025-06-26 10:14:22,095 - utils.i18n - INFO - Language changed from en to en
2025-06-26 10:14:22,145 - services.api_client - INFO - Initialized ErgastAPIClient with base URL: http://api.jolpi.ca/ergast/f1
2025-06-26 10:14:22,629 - __main__ - INFO - Main window created and shown
2025-06-26 10:14:22,630 - __main__ - INFO - Application ready - entering event loop
2025-06-26 10:14:22,778 - services.api_client - INFO - GET request to: http://api.jolpi.ca/ergast/f1/current/driverStandings.json
2025-06-26 10:14:23,779 - services.api_client - INFO - GET request to: http://api.jolpi.ca/ergast/f1/2025.json
2025-06-26 10:14:33,884 - services.api_client - ERROR - Request failed for http://api.jolpi.ca/ergast/f1/2025.json: HTTPConnectionPool(host='api.jolpi.ca', port=80): Max retries exceeded with url: /ergast/f1/2025.json (Caused by NameResolutionError("<urllib3.connection.HTTPConnection object at 0x00000226864E4E10>: Failed to resolve 'api.jolpi.ca' ([Errno 11001] getaddrinfo failed)"))
2025-06-26 10:14:33,884 - services.api_client - ERROR - Request failed for http://api.jolpi.ca/ergast/f1/current/driverStandings.json: HTTPConnectionPool(host='api.jolpi.ca', port=80): Max retries exceeded with url: /ergast/f1/current/driverStandings.json (Caused by NameResolutionError("<urllib3.connection.HTTPConnection object at 0x00000226864C9FD0>: Failed to resolve 'api.jolpi.ca' ([Errno 11001] getaddrinfo failed)"))
2025-06-26 10:14:33,885 - services.api_client - WARNING - Attempt 1 failed: Error accessing http://api.jolpi.ca/ergast/f1/2025.json: HTTPConnectionPool(host='api.jolpi.ca', port=80): Max retries exceeded with url: /ergast/f1/2025.json (Caused by NameResolutionError("<urllib3.connection.HTTPConnection object at 0x00000226864E4E10>: Failed to resolve 'api.jolpi.ca' ([Errno 11001] getaddrinfo failed)"))
2025-06-26 10:14:33,886 - services.api_client - WARNING - Attempt 1 failed: Error accessing http://api.jolpi.ca/ergast/f1/current/driverStandings.json: HTTPConnectionPool(host='api.jolpi.ca', port=80): Max retries exceeded with url: /ergast/f1/current/driverStandings.json (Caused by NameResolutionError("<urllib3.connection.HTTPConnection object at 0x00000226864C9FD0>: Failed to resolve 'api.jolpi.ca' ([Errno 11001] getaddrinfo failed)"))
2025-06-26 10:14:33,887 - services.api_client - WARNING - Switching to backup URL: https://api.jolpi.ca/ergast/f1
2025-06-26 10:14:33,887 - services.api_client - WARNING - Switching to backup URL: http://api.jolpi.ca/ergast/f1
2025-06-26 10:14:33,888 - services.api_client - INFO - Retrying with backup URL: http://api.jolpi.ca/ergast/f1
2025-06-26 10:14:33,888 - services.api_client - INFO - Retrying with backup URL: http://api.jolpi.ca/ergast/f1
2025-06-26 10:14:33,888 - services.api_client - INFO - GET request to: http://api.jolpi.ca/ergast/f1/2025.json
2025-06-26 10:14:34,889 - services.api_client - INFO - GET request to: http://api.jolpi.ca/ergast/f1/current/driverStandings.json
2025-06-26 10:14:44,953 - services.api_client - ERROR - Request failed for http://api.jolpi.ca/ergast/f1/2025.json: HTTPConnectionPool(host='api.jolpi.ca', port=80): Max retries exceeded with url: /ergast/f1/2025.json (Caused by NameResolutionError("<urllib3.connection.HTTPConnection object at 0x00000226864E56D0>: Failed to resolve 'api.jolpi.ca' ([Errno 11001] getaddrinfo failed)"))
2025-06-26 10:14:44,953 - services.api_client - ERROR - Request failed for http://api.jolpi.ca/ergast/f1/current/driverStandings.json: HTTPConnectionPool(host='api.jolpi.ca', port=80): Max retries exceeded with url: /ergast/f1/current/driverStandings.json (Caused by NameResolutionError("<urllib3.connection.HTTPConnection object at 0x00000226864D56E0>: Failed to resolve 'api.jolpi.ca' ([Errno 11001] getaddrinfo failed)"))
2025-06-26 10:14:44,954 - services.api_client - WARNING - Attempt 2 failed: Error accessing http://api.jolpi.ca/ergast/f1/2025.json: HTTPConnectionPool(host='api.jolpi.ca', port=80): Max retries exceeded with url: /ergast/f1/2025.json (Caused by NameResolutionError("<urllib3.connection.HTTPConnection object at 0x00000226864E56D0>: Failed to resolve 'api.jolpi.ca' ([Errno 11001] getaddrinfo failed)"))
2025-06-26 10:14:44,954 - services.api_client - WARNING - Attempt 2 failed: Error accessing http://api.jolpi.ca/ergast/f1/current/driverStandings.json: HTTPConnectionPool(host='api.jolpi.ca', port=80): Max retries exceeded with url: /ergast/f1/current/driverStandings.json (Caused by NameResolutionError("<urllib3.connection.HTTPConnection object at 0x00000226864D56E0>: Failed to resolve 'api.jolpi.ca' ([Errno 11001] getaddrinfo failed)"))
2025-06-26 10:14:44,955 - services.data_service - ERROR - Error getting race calendar: All API endpoints failed. Last error: Error accessing http://api.jolpi.ca/ergast/f1/2025.json: HTTPConnectionPool(host='api.jolpi.ca', port=80): Max retries exceeded with url: /ergast/f1/2025.json (Caused by NameResolutionError("<urllib3.connection.HTTPConnection object at 0x00000226864E56D0>: Failed to resolve 'api.jolpi.ca' ([Errno 11001] getaddrinfo failed)"))
2025-06-26 10:14:44,957 - services.data_service - ERROR - Error getting F1 standings: All API endpoints failed. Last error: Error accessing http://api.jolpi.ca/ergast/f1/current/driverStandings.json: HTTPConnectionPool(host='api.jolpi.ca', port=80): Max retries exceeded with url: /ergast/f1/current/driverStandings.json (Caused by NameResolutionError("<urllib3.connection.HTTPConnection object at 0x00000226864D56E0>: Failed to resolve 'api.jolpi.ca' ([Errno 11001] getaddrinfo failed)"))
2025-06-26 10:14:44,958 - services.data_service - ERROR - Connection error: All API endpoints failed. Last error: Error accessing http://api.jolpi.ca/ergast/f1/2025.json: HTTPConnectionPool(host='api.jolpi.ca', port=80): Max retries exceeded with url: /ergast/f1/2025.json (Caused by NameResolutionError("<urllib3.connection.HTTPConnection object at 0x00000226864E56D0>: Failed to resolve 'api.jolpi.ca' ([Errno 11001] getaddrinfo failed)"))
2025-06-26 10:14:44,958 - services.data_service - ERROR - Connection error: All API endpoints failed. Last error: Error accessing http://api.jolpi.ca/ergast/f1/current/driverStandings.json: HTTPConnectionPool(host='api.jolpi.ca', port=80): Max retries exceeded with url: /ergast/f1/current/driverStandings.json (Caused by NameResolutionError("<urllib3.connection.HTTPConnection object at 0x00000226864D56E0>: Failed to resolve 'api.jolpi.ca' ([Errno 11001] getaddrinfo failed)"))
2025-06-26 10:14:47,333 - services.api_client - INFO - GET request to: http://api.jolpi.ca/ergast/f1/current/driverStandings.json
2025-06-26 10:14:58,381 - services.api_client - ERROR - Request failed for http://api.jolpi.ca/ergast/f1/current/driverStandings.json: HTTPConnectionPool(host='api.jolpi.ca', port=80): Max retries exceeded with url: /ergast/f1/current/driverStandings.json (Caused by NameResolutionError("<urllib3.connection.HTTPConnection object at 0x00000226864D5350>: Failed to resolve 'api.jolpi.ca' ([Errno 11001] getaddrinfo failed)"))
2025-06-26 10:14:58,381 - services.api_client - WARNING - Attempt 1 failed: Error accessing http://api.jolpi.ca/ergast/f1/current/driverStandings.json: HTTPConnectionPool(host='api.jolpi.ca', port=80): Max retries exceeded with url: /ergast/f1/current/driverStandings.json (Caused by NameResolutionError("<urllib3.connection.HTTPConnection object at 0x00000226864D5350>: Failed to resolve 'api.jolpi.ca' ([Errno 11001] getaddrinfo failed)"))
2025-06-26 10:14:58,382 - services.data_service - ERROR - Error getting F1 standings: All API endpoints failed. Last error: Error accessing http://api.jolpi.ca/ergast/f1/current/driverStandings.json: HTTPConnectionPool(host='api.jolpi.ca', port=80): Max retries exceeded with url: /ergast/f1/current/driverStandings.json (Caused by NameResolutionError("<urllib3.connection.HTTPConnection object at 0x00000226864D5350>: Failed to resolve 'api.jolpi.ca' ([Errno 11001] getaddrinfo failed)"))
2025-06-26 10:14:58,382 - services.data_service - ERROR - Connection error: All API endpoints failed. Last error: Error accessing http://api.jolpi.ca/ergast/f1/current/driverStandings.json: HTTPConnectionPool(host='api.jolpi.ca', port=80): Max retries exceeded with url: /ergast/f1/current/driverStandings.json (Caused by NameResolutionError("<urllib3.connection.HTTPConnection object at 0x00000226864D5350>: Failed to resolve 'api.jolpi.ca' ([Errno 11001] getaddrinfo failed)"))
2025-06-26 10:15:15,229 - __main__ - INFO - Application exited with code: 0
2025-06-26 10:17:35,263 - __main__ - INFO - Logging system initialized
2025-06-26 10:17:35,263 - __main__ - INFO - Starting F1 & MotoGP Dashboard application
2025-06-26 10:17:35,264 - __main__ - INFO - Application directories created
2025-06-26 10:17:35,347 - __main__ - INFO - Qt application configured
2025-06-26 10:17:35,969 - utils.i18n - INFO - Loaded translations for: en
2025-06-26 10:17:35,969 - utils.i18n - INFO - Loaded translations for: es
2025-06-26 10:17:35,973 - utils.i18n - INFO - Language changed from en to en
2025-06-26 10:17:36,010 - services.api_client - INFO - Initialized ErgastAPIClient with base URL: http://api.jolpi.ca/ergast/f1
2025-06-26 10:17:36,499 - __main__ - INFO - Main window created and shown
2025-06-26 10:17:36,500 - __main__ - INFO - Application ready - entering event loop
2025-06-26 10:17:36,613 - services.api_client - INFO - GET request to: http://api.jolpi.ca/ergast/f1/current/driverStandings.json
2025-06-26 10:17:37,614 - services.api_client - INFO - GET request to: http://api.jolpi.ca/ergast/f1/2025.json
2025-06-26 10:17:37,714 - services.api_client - INFO - Successful response from http://api.jolpi.ca/ergast/f1/current/driverStandings.json
2025-06-26 10:17:37,714 - services.data_service - INFO - Loaded 21 driver standings
2025-06-26 10:17:38,043 - services.api_client - INFO - Successful response from http://api.jolpi.ca/ergast/f1/2025.json
2025-06-26 10:17:38,615 - services.api_client - INFO - GET request to: http://api.jolpi.ca/ergast/f1/2025/1/results.json
2025-06-26 10:17:39,041 - services.api_client - INFO - Successful response from http://api.jolpi.ca/ergast/f1/2025/1/results.json
2025-06-26 10:17:39,616 - services.api_client - INFO - GET request to: http://api.jolpi.ca/ergast/f1/2025/2/results.json
2025-06-26 10:17:40,040 - services.api_client - INFO - Successful response from http://api.jolpi.ca/ergast/f1/2025/2/results.json
2025-06-26 10:17:40,616 - services.api_client - INFO - GET request to: http://api.jolpi.ca/ergast/f1/2025/3/results.json
2025-06-26 10:17:41,041 - services.api_client - INFO - Successful response from http://api.jolpi.ca/ergast/f1/2025/3/results.json
2025-06-26 10:17:41,617 - services.api_client - INFO - GET request to: http://api.jolpi.ca/ergast/f1/2025/4/results.json
2025-06-26 10:17:42,045 - services.api_client - INFO - Successful response from http://api.jolpi.ca/ergast/f1/2025/4/results.json
2025-06-26 10:17:42,617 - services.api_client - INFO - GET request to: http://api.jolpi.ca/ergast/f1/2025/5/results.json
2025-06-26 10:17:43,045 - services.api_client - INFO - Successful response from http://api.jolpi.ca/ergast/f1/2025/5/results.json
2025-06-26 10:17:43,618 - services.api_client - INFO - GET request to: http://api.jolpi.ca/ergast/f1/2025/6/results.json
2025-06-26 10:17:44,044 - services.api_client - INFO - Successful response from http://api.jolpi.ca/ergast/f1/2025/6/results.json
2025-06-26 10:17:44,618 - services.api_client - INFO - GET request to: http://api.jolpi.ca/ergast/f1/2025/7/results.json
2025-06-26 10:17:45,044 - services.api_client - INFO - Successful response from http://api.jolpi.ca/ergast/f1/2025/7/results.json
2025-06-26 10:17:45,619 - services.api_client - INFO - GET request to: http://api.jolpi.ca/ergast/f1/2025/8/results.json
2025-06-26 10:17:46,045 - services.api_client - INFO - Successful response from http://api.jolpi.ca/ergast/f1/2025/8/results.json
2025-06-26 10:17:46,620 - services.api_client - INFO - GET request to: http://api.jolpi.ca/ergast/f1/2025/9/results.json
2025-06-26 10:17:47,045 - services.api_client - INFO - Successful response from http://api.jolpi.ca/ergast/f1/2025/9/results.json
2025-06-26 10:17:47,621 - services.api_client - INFO - GET request to: http://api.jolpi.ca/ergast/f1/2025/10/results.json
2025-06-26 10:17:48,044 - services.api_client - INFO - Successful response from http://api.jolpi.ca/ergast/f1/2025/10/results.json
2025-06-26 10:17:48,621 - services.api_client - INFO - GET request to: http://api.jolpi.ca/ergast/f1/2025/11/results.json
2025-06-26 10:17:49,044 - services.api_client - INFO - Successful response from http://api.jolpi.ca/ergast/f1/2025/11/results.json
2025-06-26 10:17:49,622 - services.api_client - INFO - GET request to: http://api.jolpi.ca/ergast/f1/2025/12/results.json
2025-06-26 10:17:50,045 - services.api_client - INFO - Successful response from http://api.jolpi.ca/ergast/f1/2025/12/results.json
2025-06-26 10:17:50,622 - services.api_client - INFO - GET request to: http://api.jolpi.ca/ergast/f1/2025/13/results.json
2025-06-26 10:17:51,047 - services.api_client - INFO - Successful response from http://api.jolpi.ca/ergast/f1/2025/13/results.json
2025-06-26 10:17:51,623 - services.api_client - INFO - GET request to: http://api.jolpi.ca/ergast/f1/2025/14/results.json
2025-06-26 10:17:52,048 - services.api_client - INFO - Successful response from http://api.jolpi.ca/ergast/f1/2025/14/results.json
2025-06-26 10:17:52,624 - services.api_client - INFO - GET request to: http://api.jolpi.ca/ergast/f1/2025/15/results.json
2025-06-26 10:17:53,048 - services.api_client - INFO - Successful response from http://api.jolpi.ca/ergast/f1/2025/15/results.json
2025-06-26 10:17:53,624 - services.api_client - INFO - GET request to: http://api.jolpi.ca/ergast/f1/2025/16/results.json
2025-06-26 10:17:54,048 - services.api_client - INFO - Successful response from http://api.jolpi.ca/ergast/f1/2025/16/results.json
2025-06-26 10:17:54,625 - services.api_client - INFO - GET request to: http://api.jolpi.ca/ergast/f1/2025/17/results.json
2025-06-26 10:17:55,048 - services.api_client - INFO - Successful response from http://api.jolpi.ca/ergast/f1/2025/17/results.json
2025-06-26 10:17:55,626 - services.api_client - INFO - GET request to: http://api.jolpi.ca/ergast/f1/2025/18/results.json
2025-06-26 10:17:56,049 - services.api_client - INFO - Successful response from http://api.jolpi.ca/ergast/f1/2025/18/results.json
2025-06-26 10:17:56,626 - services.api_client - INFO - GET request to: http://api.jolpi.ca/ergast/f1/2025/19/results.json
2025-06-26 10:17:57,049 - services.api_client - INFO - Successful response from http://api.jolpi.ca/ergast/f1/2025/19/results.json
2025-06-26 10:17:57,627 - services.api_client - INFO - GET request to: http://api.jolpi.ca/ergast/f1/2025/20/results.json
2025-06-26 10:17:58,050 - services.api_client - INFO - Successful response from http://api.jolpi.ca/ergast/f1/2025/20/results.json
2025-06-26 10:17:58,627 - services.api_client - INFO - GET request to: http://api.jolpi.ca/ergast/f1/2025/21/results.json
2025-06-26 10:17:59,051 - services.api_client - INFO - Successful response from http://api.jolpi.ca/ergast/f1/2025/21/results.json
2025-06-26 10:17:59,628 - services.api_client - INFO - GET request to: http://api.jolpi.ca/ergast/f1/2025/22/results.json
2025-06-26 10:18:00,052 - services.api_client - INFO - Successful response from http://api.jolpi.ca/ergast/f1/2025/22/results.json
2025-06-26 10:18:00,629 - services.api_client - INFO - GET request to: http://api.jolpi.ca/ergast/f1/2025/23/results.json
2025-06-26 10:18:01,052 - services.api_client - INFO - Successful response from http://api.jolpi.ca/ergast/f1/2025/23/results.json
2025-06-26 10:18:01,629 - services.api_client - INFO - GET request to: http://api.jolpi.ca/ergast/f1/2025/24/results.json
2025-06-26 10:18:02,053 - services.api_client - INFO - Successful response from http://api.jolpi.ca/ergast/f1/2025/24/results.json
2025-06-26 10:18:02,054 - services.data_service - INFO - Loaded 24 races for 2025
2025-06-26 10:21:44,975 - __main__ - INFO - Application exited with code: 0
2025-06-26 10:21:55,332 - __main__ - INFO - Logging system initialized
2025-06-26 10:21:55,333 - __main__ - INFO - Starting F1 & MotoGP Dashboard application
2025-06-26 10:21:55,334 - __main__ - INFO - Application directories created
2025-06-26 10:21:55,398 - __main__ - INFO - Qt application configured
2025-06-26 10:21:55,419 - __main__ - ERROR - Error importing required modules: cannot import name 'QSvgWidget' from 'PyQt6.QtSvg' (C:\LOCAL Project\OneMotor\venv\Lib\site-packages\PyQt6\QtSvg.pyd)
2025-06-26 10:22:35,592 - __main__ - INFO - Logging system initialized
2025-06-26 10:22:35,593 - __main__ - INFO - Starting F1 & MotoGP Dashboard application
2025-06-26 10:22:35,594 - __main__ - INFO - Application directories created
2025-06-26 10:22:35,642 - __main__ - INFO - Qt application configured
2025-06-26 10:22:35,658 - __main__ - ERROR - Error importing required modules: cannot import name 'QSvgWidget' from 'PyQt6.QtSvg' (C:\LOCAL Project\OneMotor\venv\Lib\site-packages\PyQt6\QtSvg.pyd)
2025-06-26 10:23:31,130 - __main__ - INFO - Logging system initialized
2025-06-26 10:23:31,131 - __main__ - INFO - Starting F1 & MotoGP Dashboard application
2025-06-26 10:23:31,132 - __main__ - INFO - Application directories created
2025-06-26 10:23:31,188 - __main__ - INFO - Qt application configured
2025-06-26 10:23:31,867 - utils.i18n - INFO - Loaded translations for: en
2025-06-26 10:23:31,868 - utils.i18n - INFO - Loaded translations for: es
2025-06-26 10:23:31,873 - utils.i18n - INFO - Language changed from en to en
2025-06-26 10:23:32,017 - services.api_client - INFO - Initialized ErgastAPIClient with base URL: http://api.jolpi.ca/ergast/f1
2025-06-26 10:23:32,347 - __main__ - INFO - Main window created and shown
2025-06-26 10:23:32,348 - __main__ - INFO - Application ready - entering event loop
2025-06-26 10:23:32,984 - services.api_client - INFO - GET request to: http://api.jolpi.ca/ergast/f1/current/driverStandings.json
2025-06-26 10:23:33,984 - services.api_client - INFO - GET request to: http://api.jolpi.ca/ergast/f1/2025.json
2025-06-26 10:23:34,086 - services.api_client - INFO - Successful response from http://api.jolpi.ca/ergast/f1/current/driverStandings.json
2025-06-26 10:23:34,087 - services.data_service - INFO - Loaded 21 driver standings
2025-06-26 10:23:34,412 - services.api_client - INFO - Successful response from http://api.jolpi.ca/ergast/f1/2025.json
2025-06-26 10:23:34,984 - services.api_client - INFO - GET request to: http://api.jolpi.ca/ergast/f1/2025/1/results.json
2025-06-26 10:23:35,415 - services.api_client - INFO - Successful response from http://api.jolpi.ca/ergast/f1/2025/1/results.json
2025-06-26 10:23:35,985 - services.api_client - INFO - GET request to: http://api.jolpi.ca/ergast/f1/2025/2/results.json
2025-06-26 10:23:36,417 - services.api_client - INFO - Successful response from http://api.jolpi.ca/ergast/f1/2025/2/results.json
2025-06-26 10:23:36,986 - services.api_client - INFO - GET request to: http://api.jolpi.ca/ergast/f1/2025/3/results.json
2025-06-26 10:23:37,414 - services.api_client - INFO - Successful response from http://api.jolpi.ca/ergast/f1/2025/3/results.json
2025-06-26 10:23:37,986 - services.api_client - INFO - GET request to: http://api.jolpi.ca/ergast/f1/2025/4/results.json
2025-06-26 10:23:38,414 - services.api_client - INFO - Successful response from http://api.jolpi.ca/ergast/f1/2025/4/results.json
2025-06-26 10:23:38,987 - services.api_client - INFO - GET request to: http://api.jolpi.ca/ergast/f1/2025/5/results.json
2025-06-26 10:23:39,415 - services.api_client - INFO - Successful response from http://api.jolpi.ca/ergast/f1/2025/5/results.json
2025-06-26 10:23:39,988 - services.api_client - INFO - GET request to: http://api.jolpi.ca/ergast/f1/2025/6/results.json
2025-06-26 10:23:40,414 - services.api_client - INFO - Successful response from http://api.jolpi.ca/ergast/f1/2025/6/results.json
2025-06-26 10:23:40,989 - services.api_client - INFO - GET request to: http://api.jolpi.ca/ergast/f1/2025/7/results.json
2025-06-26 10:23:41,415 - services.api_client - INFO - Successful response from http://api.jolpi.ca/ergast/f1/2025/7/results.json
2025-06-26 10:23:41,989 - services.api_client - INFO - GET request to: http://api.jolpi.ca/ergast/f1/2025/8/results.json
2025-06-26 10:23:42,419 - services.api_client - INFO - Successful response from http://api.jolpi.ca/ergast/f1/2025/8/results.json
2025-06-26 10:23:42,990 - services.api_client - INFO - GET request to: http://api.jolpi.ca/ergast/f1/2025/9/results.json
2025-06-26 10:23:43,418 - services.api_client - INFO - Successful response from http://api.jolpi.ca/ergast/f1/2025/9/results.json
2025-06-26 10:23:43,990 - services.api_client - INFO - GET request to: http://api.jolpi.ca/ergast/f1/2025/10/results.json
2025-06-26 10:23:44,415 - services.api_client - INFO - Successful response from http://api.jolpi.ca/ergast/f1/2025/10/results.json
2025-06-26 10:23:44,990 - services.api_client - INFO - GET request to: http://api.jolpi.ca/ergast/f1/2025/11/results.json
2025-06-26 10:23:45,416 - services.api_client - INFO - Successful response from http://api.jolpi.ca/ergast/f1/2025/11/results.json
2025-06-26 10:23:45,991 - services.api_client - INFO - GET request to: http://api.jolpi.ca/ergast/f1/2025/12/results.json
2025-06-26 10:23:46,417 - services.api_client - INFO - Successful response from http://api.jolpi.ca/ergast/f1/2025/12/results.json
2025-06-26 10:23:46,992 - services.api_client - INFO - GET request to: http://api.jolpi.ca/ergast/f1/2025/13/results.json
2025-06-26 10:23:47,416 - services.api_client - INFO - Successful response from http://api.jolpi.ca/ergast/f1/2025/13/results.json
2025-06-26 10:23:47,992 - services.api_client - INFO - GET request to: http://api.jolpi.ca/ergast/f1/2025/14/results.json
2025-06-26 10:23:48,417 - services.api_client - INFO - Successful response from http://api.jolpi.ca/ergast/f1/2025/14/results.json
2025-06-26 10:23:48,992 - services.api_client - INFO - GET request to: http://api.jolpi.ca/ergast/f1/2025/15/results.json
2025-06-26 10:23:49,423 - services.api_client - INFO - Successful response from http://api.jolpi.ca/ergast/f1/2025/15/results.json
2025-06-26 10:23:49,993 - services.api_client - INFO - GET request to: http://api.jolpi.ca/ergast/f1/2025/16/results.json
2025-06-26 10:23:50,421 - services.api_client - INFO - Successful response from http://api.jolpi.ca/ergast/f1/2025/16/results.json
2025-06-26 10:23:50,994 - services.api_client - INFO - GET request to: http://api.jolpi.ca/ergast/f1/2025/17/results.json
2025-06-26 10:23:51,420 - services.api_client - INFO - Successful response from http://api.jolpi.ca/ergast/f1/2025/17/results.json
2025-06-26 10:23:51,994 - services.api_client - INFO - GET request to: http://api.jolpi.ca/ergast/f1/2025/18/results.json
2025-06-26 10:23:52,420 - services.api_client - INFO - Successful response from http://api.jolpi.ca/ergast/f1/2025/18/results.json
2025-06-26 10:23:52,995 - services.api_client - INFO - GET request to: http://api.jolpi.ca/ergast/f1/2025/19/results.json
2025-06-26 10:23:53,420 - services.api_client - INFO - Successful response from http://api.jolpi.ca/ergast/f1/2025/19/results.json
2025-06-26 10:23:53,996 - services.api_client - INFO - GET request to: http://api.jolpi.ca/ergast/f1/2025/20/results.json
2025-06-26 10:23:54,422 - services.api_client - INFO - Successful response from http://api.jolpi.ca/ergast/f1/2025/20/results.json
2025-06-26 10:23:54,996 - services.api_client - INFO - GET request to: http://api.jolpi.ca/ergast/f1/2025/21/results.json
2025-06-26 10:23:55,424 - services.api_client - INFO - Successful response from http://api.jolpi.ca/ergast/f1/2025/21/results.json
2025-06-26 10:23:55,997 - services.api_client - INFO - GET request to: http://api.jolpi.ca/ergast/f1/2025/22/results.json
2025-06-26 10:23:56,425 - services.api_client - INFO - Successful response from http://api.jolpi.ca/ergast/f1/2025/22/results.json
2025-06-26 10:23:56,998 - services.api_client - INFO - GET request to: http://api.jolpi.ca/ergast/f1/2025/23/results.json
2025-06-26 10:23:57,425 - services.api_client - INFO - Successful response from http://api.jolpi.ca/ergast/f1/2025/23/results.json
2025-06-26 10:23:57,999 - services.api_client - INFO - GET request to: http://api.jolpi.ca/ergast/f1/2025/24/results.json
2025-06-26 10:23:58,424 - services.api_client - INFO - Successful response from http://api.jolpi.ca/ergast/f1/2025/24/results.json
2025-06-26 10:23:58,425 - services.data_service - INFO - Loaded 24 races for 2025
2025-06-26 10:24:09,001 - __main__ - INFO - Application exited with code: 0
2025-06-26 10:26:20,785 - __main__ - INFO - Logging system initialized
2025-06-26 10:26:20,786 - __main__ - INFO - Starting F1 & MotoGP Dashboard application
2025-06-26 10:26:20,787 - __main__ - INFO - Application directories created
2025-06-26 10:26:20,850 - __main__ - INFO - Qt application configured
2025-06-26 10:26:21,595 - utils.i18n - INFO - Loaded translations for: en
2025-06-26 10:26:21,596 - utils.i18n - INFO - Loaded translations for: es
2025-06-26 10:26:21,599 - utils.i18n - INFO - Language changed from en to en
2025-06-26 10:26:21,752 - services.api_client - INFO - Initialized ErgastAPIClient with base URL: http://api.jolpi.ca/ergast/f1
2025-06-26 10:26:22,035 - __main__ - INFO - Main window created and shown
2025-06-26 10:26:22,036 - __main__ - INFO - Application ready - entering event loop
2025-06-26 10:26:22,393 - services.api_client - INFO - GET request to: http://api.jolpi.ca/ergast/f1/current/driverStandings.json
2025-06-26 10:26:23,393 - services.api_client - INFO - GET request to: http://api.jolpi.ca/ergast/f1/2025.json
2025-06-26 10:26:23,517 - services.api_client - INFO - Successful response from http://api.jolpi.ca/ergast/f1/current/driverStandings.json
2025-06-26 10:26:23,517 - services.data_service - INFO - Loaded 21 driver standings
2025-06-26 10:26:23,821 - services.api_client - INFO - Successful response from http://api.jolpi.ca/ergast/f1/2025.json
2025-06-26 10:26:24,394 - services.api_client - INFO - GET request to: http://api.jolpi.ca/ergast/f1/2025/1/results.json
2025-06-26 10:26:24,821 - services.api_client - INFO - Successful response from http://api.jolpi.ca/ergast/f1/2025/1/results.json
2025-06-26 10:26:25,394 - services.api_client - INFO - GET request to: http://api.jolpi.ca/ergast/f1/2025/2/results.json
2025-06-26 10:26:25,821 - services.api_client - INFO - Successful response from http://api.jolpi.ca/ergast/f1/2025/2/results.json
2025-06-26 10:26:26,395 - services.api_client - INFO - GET request to: http://api.jolpi.ca/ergast/f1/2025/3/results.json
2025-06-26 10:26:26,819 - services.api_client - INFO - Successful response from http://api.jolpi.ca/ergast/f1/2025/3/results.json
2025-06-26 10:26:27,395 - services.api_client - INFO - GET request to: http://api.jolpi.ca/ergast/f1/2025/4/results.json
2025-06-26 10:26:27,821 - services.api_client - INFO - Successful response from http://api.jolpi.ca/ergast/f1/2025/4/results.json
2025-06-26 10:26:28,396 - services.api_client - INFO - GET request to: http://api.jolpi.ca/ergast/f1/2025/5/results.json
2025-06-26 10:26:28,823 - services.api_client - INFO - Successful response from http://api.jolpi.ca/ergast/f1/2025/5/results.json
2025-06-26 10:26:29,396 - services.api_client - INFO - GET request to: http://api.jolpi.ca/ergast/f1/2025/6/results.json
2025-06-26 10:26:29,822 - services.api_client - INFO - Successful response from http://api.jolpi.ca/ergast/f1/2025/6/results.json
2025-06-26 10:26:30,397 - services.api_client - INFO - GET request to: http://api.jolpi.ca/ergast/f1/2025/7/results.json
2025-06-26 10:26:30,824 - services.api_client - INFO - Successful response from http://api.jolpi.ca/ergast/f1/2025/7/results.json
2025-06-26 10:26:31,398 - services.api_client - INFO - GET request to: http://api.jolpi.ca/ergast/f1/2025/8/results.json
2025-06-26 10:26:31,826 - services.api_client - INFO - Successful response from http://api.jolpi.ca/ergast/f1/2025/8/results.json
2025-06-26 10:26:32,398 - services.api_client - INFO - GET request to: http://api.jolpi.ca/ergast/f1/2025/9/results.json
2025-06-26 10:26:32,824 - services.api_client - INFO - Successful response from http://api.jolpi.ca/ergast/f1/2025/9/results.json
2025-06-26 10:26:33,399 - services.api_client - INFO - GET request to: http://api.jolpi.ca/ergast/f1/2025/10/results.json
2025-06-26 10:26:33,825 - services.api_client - INFO - Successful response from http://api.jolpi.ca/ergast/f1/2025/10/results.json
2025-06-26 10:26:34,399 - services.api_client - INFO - GET request to: http://api.jolpi.ca/ergast/f1/2025/11/results.json
2025-06-26 10:26:34,825 - services.api_client - INFO - Successful response from http://api.jolpi.ca/ergast/f1/2025/11/results.json
2025-06-26 10:26:35,400 - services.api_client - INFO - GET request to: http://api.jolpi.ca/ergast/f1/2025/12/results.json
2025-06-26 10:26:35,824 - services.api_client - INFO - Successful response from http://api.jolpi.ca/ergast/f1/2025/12/results.json
2025-06-26 10:26:36,401 - services.api_client - INFO - GET request to: http://api.jolpi.ca/ergast/f1/2025/13/results.json
2025-06-26 10:26:36,829 - services.api_client - INFO - Successful response from http://api.jolpi.ca/ergast/f1/2025/13/results.json
2025-06-26 10:26:37,401 - services.api_client - INFO - GET request to: http://api.jolpi.ca/ergast/f1/2025/14/results.json
2025-06-26 10:26:37,829 - services.api_client - INFO - Successful response from http://api.jolpi.ca/ergast/f1/2025/14/results.json
2025-06-26 10:26:38,402 - services.api_client - INFO - GET request to: http://api.jolpi.ca/ergast/f1/2025/15/results.json
2025-06-26 10:26:38,829 - services.api_client - INFO - Successful response from http://api.jolpi.ca/ergast/f1/2025/15/results.json
2025-06-26 10:26:39,402 - services.api_client - INFO - GET request to: http://api.jolpi.ca/ergast/f1/2025/16/results.json
2025-06-26 10:26:39,829 - services.api_client - INFO - Successful response from http://api.jolpi.ca/ergast/f1/2025/16/results.json
2025-06-26 10:26:40,403 - services.api_client - INFO - GET request to: http://api.jolpi.ca/ergast/f1/2025/17/results.json
2025-06-26 10:26:40,827 - services.api_client - INFO - Successful response from http://api.jolpi.ca/ergast/f1/2025/17/results.json
2025-06-26 10:26:41,403 - services.api_client - INFO - GET request to: http://api.jolpi.ca/ergast/f1/2025/18/results.json
2025-06-26 10:26:41,830 - services.api_client - INFO - Successful response from http://api.jolpi.ca/ergast/f1/2025/18/results.json
2025-06-26 10:26:42,404 - services.api_client - INFO - GET request to: http://api.jolpi.ca/ergast/f1/2025/19/results.json
2025-06-26 10:26:42,835 - services.api_client - INFO - Successful response from http://api.jolpi.ca/ergast/f1/2025/19/results.json
2025-06-26 10:26:43,404 - services.api_client - INFO - GET request to: http://api.jolpi.ca/ergast/f1/2025/20/results.json
2025-06-26 10:26:43,829 - services.api_client - INFO - Successful response from http://api.jolpi.ca/ergast/f1/2025/20/results.json
2025-06-26 10:26:44,405 - services.api_client - INFO - GET request to: http://api.jolpi.ca/ergast/f1/2025/21/results.json
2025-06-26 10:26:44,828 - services.api_client - INFO - Successful response from http://api.jolpi.ca/ergast/f1/2025/21/results.json
2025-06-26 10:26:45,406 - services.api_client - INFO - GET request to: http://api.jolpi.ca/ergast/f1/2025/22/results.json
2025-06-26 10:26:45,829 - services.api_client - INFO - Successful response from http://api.jolpi.ca/ergast/f1/2025/22/results.json
2025-06-26 10:26:46,406 - services.api_client - INFO - GET request to: http://api.jolpi.ca/ergast/f1/2025/23/results.json
2025-06-26 10:26:46,831 - services.api_client - INFO - Successful response from http://api.jolpi.ca/ergast/f1/2025/23/results.json
2025-06-26 10:26:47,406 - services.api_client - INFO - GET request to: http://api.jolpi.ca/ergast/f1/2025/24/results.json
2025-06-26 10:26:47,836 - services.api_client - INFO - Successful response from http://api.jolpi.ca/ergast/f1/2025/24/results.json
2025-06-26 10:26:47,836 - services.data_service - INFO - Loaded 24 races for 2025
2025-06-26 10:31:00,112 - __main__ - INFO - Application exited with code: 0
2025-06-26 10:31:11,003 - __main__ - INFO - Logging system initialized
2025-06-26 10:31:11,004 - __main__ - INFO - Starting F1 & MotoGP Dashboard application
2025-06-26 10:31:11,004 - __main__ - INFO - Application directories created
2025-06-26 10:31:11,047 - __main__ - INFO - Qt application configured
2025-06-26 10:31:11,058 - __main__ - ERROR - Unexpected error: invalid syntax (main_window.py, line 549)
Traceback (most recent call last):
  File "C:\LOCAL Project\OneMotor\main.py", line 75, in main
    from ui.main_window import MainWindow
  File "C:\LOCAL Project\OneMotor\ui\__init__.py", line 1, in <module>
    from .main_window import MainWindow
  File "C:\LOCAL Project\OneMotor\ui\main_window.py", line 549
    return header_widget = QWidget()
                         ^
SyntaxError: invalid syntax
2025-06-26 10:31:29,178 - __main__ - INFO - Logging system initialized
2025-06-26 10:31:29,179 - __main__ - INFO - Starting F1 & MotoGP Dashboard application
2025-06-26 10:31:29,180 - __main__ - INFO - Application directories created
2025-06-26 10:31:29,230 - __main__ - INFO - Qt application configured
2025-06-26 10:31:29,240 - __main__ - ERROR - Unexpected error: invalid syntax (main_window.py, line 549)
Traceback (most recent call last):
  File "C:\LOCAL Project\OneMotor\main.py", line 75, in main
    from ui.main_window import MainWindow
  File "C:\LOCAL Project\OneMotor\ui\__init__.py", line 1, in <module>
    from .main_window import MainWindow
  File "C:\LOCAL Project\OneMotor\ui\main_window.py", line 549
    return header_widget = QWidget()
                         ^
SyntaxError: invalid syntax
2025-06-26 10:31:37,811 - __main__ - INFO - Logging system initialized
2025-06-26 10:31:37,812 - __main__ - INFO - Starting F1 & MotoGP Dashboard application
2025-06-26 10:31:37,812 - __main__ - INFO - Application directories created
2025-06-26 10:31:37,862 - __main__ - INFO - Qt application configured
2025-06-26 10:31:37,872 - __main__ - ERROR - Unexpected error: invalid syntax (main_window.py, line 549)
Traceback (most recent call last):
  File "C:\LOCAL Project\OneMotor\main.py", line 75, in main
    from ui.main_window import MainWindow
  File "C:\LOCAL Project\OneMotor\ui\__init__.py", line 1, in <module>
    from .main_window import MainWindow
  File "C:\LOCAL Project\OneMotor\ui\main_window.py", line 549
    return header_widget = QWidget()
                         ^
SyntaxError: invalid syntax
2025-06-26 10:33:17,797 - __main__ - INFO - Logging system initialized
2025-06-26 10:33:17,798 - __main__ - INFO - Starting F1 & MotoGP Dashboard application
2025-06-26 10:33:17,799 - __main__ - INFO - Application directories created
2025-06-26 10:33:17,859 - __main__ - INFO - Qt application configured
2025-06-26 10:33:18,660 - utils.i18n - INFO - Loaded translations for: en
2025-06-26 10:33:18,661 - utils.i18n - INFO - Loaded translations for: es
2025-06-26 10:33:18,666 - utils.i18n - INFO - Language changed from en to en
2025-06-26 10:33:18,743 - services.api_client - INFO - Initialized ErgastAPIClient with base URL: http://api.jolpi.ca/ergast/f1
2025-06-26 10:33:19,153 - __main__ - INFO - Main window created and shown
2025-06-26 10:33:19,153 - __main__ - INFO - Application ready - entering event loop
2025-06-26 10:33:19,594 - services.api_client - INFO - GET request to: http://api.jolpi.ca/ergast/f1/current/driverStandings.json
2025-06-26 10:33:20,594 - services.api_client - INFO - GET request to: http://api.jolpi.ca/ergast/f1/2025.json
2025-06-26 10:33:20,724 - services.api_client - INFO - Successful response from http://api.jolpi.ca/ergast/f1/current/driverStandings.json
2025-06-26 10:33:20,725 - services.data_service - INFO - Loaded 21 driver standings
2025-06-26 10:33:21,027 - services.api_client - INFO - Successful response from http://api.jolpi.ca/ergast/f1/2025.json
2025-06-26 10:33:21,594 - services.api_client - INFO - GET request to: http://api.jolpi.ca/ergast/f1/2025/1/results.json
2025-06-26 10:33:22,025 - services.api_client - INFO - Successful response from http://api.jolpi.ca/ergast/f1/2025/1/results.json
2025-06-26 10:33:22,595 - services.api_client - INFO - GET request to: http://api.jolpi.ca/ergast/f1/2025/2/results.json
2025-06-26 10:33:23,022 - services.api_client - INFO - Successful response from http://api.jolpi.ca/ergast/f1/2025/2/results.json
2025-06-26 10:33:23,595 - services.api_client - INFO - GET request to: http://api.jolpi.ca/ergast/f1/2025/3/results.json
2025-06-26 10:33:24,023 - services.api_client - INFO - Successful response from http://api.jolpi.ca/ergast/f1/2025/3/results.json
2025-06-26 10:33:24,596 - services.api_client - INFO - GET request to: http://api.jolpi.ca/ergast/f1/2025/4/results.json
2025-06-26 10:33:25,021 - services.api_client - INFO - Successful response from http://api.jolpi.ca/ergast/f1/2025/4/results.json
2025-06-26 10:33:25,596 - services.api_client - INFO - GET request to: http://api.jolpi.ca/ergast/f1/2025/5/results.json
2025-06-26 10:33:26,023 - services.api_client - INFO - Successful response from http://api.jolpi.ca/ergast/f1/2025/5/results.json
2025-06-26 10:33:26,597 - services.api_client - INFO - GET request to: http://api.jolpi.ca/ergast/f1/2025/6/results.json
2025-06-26 10:33:27,023 - services.api_client - INFO - Successful response from http://api.jolpi.ca/ergast/f1/2025/6/results.json
2025-06-26 10:33:27,597 - services.api_client - INFO - GET request to: http://api.jolpi.ca/ergast/f1/2025/7/results.json
2025-06-26 10:33:28,025 - services.api_client - INFO - Successful response from http://api.jolpi.ca/ergast/f1/2025/7/results.json
2025-06-26 10:33:28,598 - services.api_client - INFO - GET request to: http://api.jolpi.ca/ergast/f1/2025/8/results.json
2025-06-26 10:33:29,025 - services.api_client - INFO - Successful response from http://api.jolpi.ca/ergast/f1/2025/8/results.json
2025-06-26 10:33:29,599 - services.api_client - INFO - GET request to: http://api.jolpi.ca/ergast/f1/2025/9/results.json
2025-06-26 10:33:30,025 - services.api_client - INFO - Successful response from http://api.jolpi.ca/ergast/f1/2025/9/results.json
2025-06-26 10:33:30,599 - services.api_client - INFO - GET request to: http://api.jolpi.ca/ergast/f1/2025/10/results.json
2025-06-26 10:33:31,025 - services.api_client - INFO - Successful response from http://api.jolpi.ca/ergast/f1/2025/10/results.json
2025-06-26 10:33:31,599 - services.api_client - INFO - GET request to: http://api.jolpi.ca/ergast/f1/2025/11/results.json
2025-06-26 10:33:32,024 - services.api_client - INFO - Successful response from http://api.jolpi.ca/ergast/f1/2025/11/results.json
2025-06-26 10:33:32,600 - services.api_client - INFO - GET request to: http://api.jolpi.ca/ergast/f1/2025/12/results.json
2025-06-26 10:33:33,032 - services.api_client - INFO - Successful response from http://api.jolpi.ca/ergast/f1/2025/12/results.json
2025-06-26 10:33:33,601 - services.api_client - INFO - GET request to: http://api.jolpi.ca/ergast/f1/2025/13/results.json
2025-06-26 10:33:34,026 - services.api_client - INFO - Successful response from http://api.jolpi.ca/ergast/f1/2025/13/results.json
2025-06-26 10:33:34,602 - services.api_client - INFO - GET request to: http://api.jolpi.ca/ergast/f1/2025/14/results.json
2025-06-26 10:33:35,027 - services.api_client - INFO - Successful response from http://api.jolpi.ca/ergast/f1/2025/14/results.json
2025-06-26 10:33:35,602 - services.api_client - INFO - GET request to: http://api.jolpi.ca/ergast/f1/2025/15/results.json
2025-06-26 10:33:36,029 - services.api_client - INFO - Successful response from http://api.jolpi.ca/ergast/f1/2025/15/results.json
2025-06-26 10:33:36,603 - services.api_client - INFO - GET request to: http://api.jolpi.ca/ergast/f1/2025/16/results.json
2025-06-26 10:33:37,030 - services.api_client - INFO - Successful response from http://api.jolpi.ca/ergast/f1/2025/16/results.json
2025-06-26 10:33:37,603 - services.api_client - INFO - GET request to: http://api.jolpi.ca/ergast/f1/2025/17/results.json
2025-06-26 10:33:38,033 - services.api_client - INFO - Successful response from http://api.jolpi.ca/ergast/f1/2025/17/results.json
2025-06-26 10:33:38,603 - services.api_client - INFO - GET request to: http://api.jolpi.ca/ergast/f1/2025/18/results.json
2025-06-26 10:33:39,031 - services.api_client - INFO - Successful response from http://api.jolpi.ca/ergast/f1/2025/18/results.json
2025-06-26 10:33:39,604 - services.api_client - INFO - GET request to: http://api.jolpi.ca/ergast/f1/2025/19/results.json
2025-06-26 10:33:40,029 - services.api_client - INFO - Successful response from http://api.jolpi.ca/ergast/f1/2025/19/results.json
2025-06-26 10:33:40,604 - services.api_client - INFO - GET request to: http://api.jolpi.ca/ergast/f1/2025/20/results.json
2025-06-26 10:33:41,031 - services.api_client - INFO - Successful response from http://api.jolpi.ca/ergast/f1/2025/20/results.json
2025-06-26 10:33:41,605 - services.api_client - INFO - GET request to: http://api.jolpi.ca/ergast/f1/2025/21/results.json
2025-06-26 10:33:42,031 - services.api_client - INFO - Successful response from http://api.jolpi.ca/ergast/f1/2025/21/results.json
2025-06-26 10:33:42,605 - services.api_client - INFO - GET request to: http://api.jolpi.ca/ergast/f1/2025/22/results.json
2025-06-26 10:33:43,031 - services.api_client - INFO - Successful response from http://api.jolpi.ca/ergast/f1/2025/22/results.json
2025-06-26 10:33:43,605 - services.api_client - INFO - GET request to: http://api.jolpi.ca/ergast/f1/2025/23/results.json
2025-06-26 10:33:44,030 - services.api_client - INFO - Successful response from http://api.jolpi.ca/ergast/f1/2025/23/results.json
2025-06-26 10:33:44,606 - services.api_client - INFO - GET request to: http://api.jolpi.ca/ergast/f1/2025/24/results.json
2025-06-26 10:33:45,034 - services.api_client - INFO - Successful response from http://api.jolpi.ca/ergast/f1/2025/24/results.json
2025-06-26 10:33:45,034 - services.data_service - INFO - Loaded 24 races for 2025
2025-06-26 10:34:10,319 - utils.i18n - INFO - Language changed from en to es
2025-06-26 10:34:10,320 - ui.main_window - INFO - Language changed to: es
2025-06-26 10:34:25,728 - utils.i18n - INFO - Language changed from es to es
2025-06-26 10:34:25,729 - ui.main_window - INFO - Language changed to: es
2025-06-26 10:34:36,669 - utils.i18n - INFO - Language changed from es to en
2025-06-26 10:34:36,669 - ui.main_window - INFO - Language changed to: en
2025-06-26 10:35:42,235 - __main__ - INFO - Application exited with code: 0
2025-06-26 10:38:46,691 - __main__ - INFO - Logging system initialized
2025-06-26 10:38:46,691 - __main__ - INFO - Starting F1 & MotoGP Dashboard application
2025-06-26 10:38:46,693 - __main__ - INFO - Application directories created
2025-06-26 10:38:46,771 - __main__ - INFO - Qt application configured
2025-06-26 10:38:47,630 - utils.i18n - INFO - Loaded translations for: en
2025-06-26 10:38:47,631 - utils.i18n - INFO - Loaded translations for: es
2025-06-26 10:38:47,637 - utils.i18n - INFO - Language changed from en to en
2025-06-26 10:38:47,711 - services.api_client - INFO - Initialized ErgastAPIClient with base URL: http://api.jolpi.ca/ergast/f1
2025-06-26 10:38:48,157 - __main__ - INFO - Main window created and shown
2025-06-26 10:38:48,157 - __main__ - INFO - Application ready - entering event loop
2025-06-26 10:38:48,552 - services.api_client - INFO - GET request to: http://api.jolpi.ca/ergast/f1/current/driverStandings.json
2025-06-26 10:38:49,553 - services.api_client - INFO - GET request to: http://api.jolpi.ca/ergast/f1/2025.json
2025-06-26 10:38:49,669 - services.api_client - INFO - Successful response from http://api.jolpi.ca/ergast/f1/current/driverStandings.json
2025-06-26 10:38:49,669 - services.data_service - INFO - Loaded 21 driver standings
2025-06-26 10:38:49,980 - services.api_client - INFO - Successful response from http://api.jolpi.ca/ergast/f1/2025.json
2025-06-26 10:38:50,553 - services.api_client - INFO - GET request to: http://api.jolpi.ca/ergast/f1/2025/1/results.json
2025-06-26 10:38:50,982 - services.api_client - INFO - Successful response from http://api.jolpi.ca/ergast/f1/2025/1/results.json
2025-06-26 10:38:51,554 - services.api_client - INFO - GET request to: http://api.jolpi.ca/ergast/f1/2025/2/results.json
2025-06-26 10:38:51,981 - services.api_client - INFO - Successful response from http://api.jolpi.ca/ergast/f1/2025/2/results.json
2025-06-26 10:38:52,555 - services.api_client - INFO - GET request to: http://api.jolpi.ca/ergast/f1/2025/3/results.json
2025-06-26 10:38:52,983 - services.api_client - INFO - Successful response from http://api.jolpi.ca/ergast/f1/2025/3/results.json
2025-06-26 10:38:53,555 - services.api_client - INFO - GET request to: http://api.jolpi.ca/ergast/f1/2025/4/results.json
2025-06-26 10:38:53,981 - services.api_client - INFO - Successful response from http://api.jolpi.ca/ergast/f1/2025/4/results.json
2025-06-26 10:38:54,555 - services.api_client - INFO - GET request to: http://api.jolpi.ca/ergast/f1/2025/5/results.json
2025-06-26 10:38:54,984 - services.api_client - INFO - Successful response from http://api.jolpi.ca/ergast/f1/2025/5/results.json
2025-06-26 10:38:55,556 - services.api_client - INFO - GET request to: http://api.jolpi.ca/ergast/f1/2025/6/results.json
2025-06-26 10:38:55,982 - services.api_client - INFO - Successful response from http://api.jolpi.ca/ergast/f1/2025/6/results.json
2025-06-26 10:38:56,557 - services.api_client - INFO - GET request to: http://api.jolpi.ca/ergast/f1/2025/7/results.json
2025-06-26 10:38:56,989 - services.api_client - INFO - Successful response from http://api.jolpi.ca/ergast/f1/2025/7/results.json
2025-06-26 10:38:57,557 - services.api_client - INFO - GET request to: http://api.jolpi.ca/ergast/f1/2025/8/results.json
2025-06-26 10:38:57,984 - services.api_client - INFO - Successful response from http://api.jolpi.ca/ergast/f1/2025/8/results.json
2025-06-26 10:38:58,558 - services.api_client - INFO - GET request to: http://api.jolpi.ca/ergast/f1/2025/9/results.json
2025-06-26 10:38:58,983 - services.api_client - INFO - Successful response from http://api.jolpi.ca/ergast/f1/2025/9/results.json
2025-06-26 10:38:59,558 - services.api_client - INFO - GET request to: http://api.jolpi.ca/ergast/f1/2025/10/results.json
2025-06-26 10:38:59,984 - services.api_client - INFO - Successful response from http://api.jolpi.ca/ergast/f1/2025/10/results.json
2025-06-26 10:39:00,559 - services.api_client - INFO - GET request to: http://api.jolpi.ca/ergast/f1/2025/11/results.json
2025-06-26 10:39:00,983 - services.api_client - INFO - Successful response from http://api.jolpi.ca/ergast/f1/2025/11/results.json
2025-06-26 10:39:01,559 - services.api_client - INFO - GET request to: http://api.jolpi.ca/ergast/f1/2025/12/results.json
2025-06-26 10:39:01,983 - services.api_client - INFO - Successful response from http://api.jolpi.ca/ergast/f1/2025/12/results.json
2025-06-26 10:39:02,560 - services.api_client - INFO - GET request to: http://api.jolpi.ca/ergast/f1/2025/13/results.json
2025-06-26 10:39:02,985 - services.api_client - INFO - Successful response from http://api.jolpi.ca/ergast/f1/2025/13/results.json
2025-06-26 10:39:03,561 - services.api_client - INFO - GET request to: http://api.jolpi.ca/ergast/f1/2025/14/results.json
2025-06-26 10:39:03,988 - services.api_client - INFO - Successful response from http://api.jolpi.ca/ergast/f1/2025/14/results.json
2025-06-26 10:39:04,561 - services.api_client - INFO - GET request to: http://api.jolpi.ca/ergast/f1/2025/15/results.json
2025-06-26 10:39:04,985 - services.api_client - INFO - Successful response from http://api.jolpi.ca/ergast/f1/2025/15/results.json
2025-06-26 10:39:05,562 - services.api_client - INFO - GET request to: http://api.jolpi.ca/ergast/f1/2025/16/results.json
2025-06-26 10:39:05,987 - services.api_client - INFO - Successful response from http://api.jolpi.ca/ergast/f1/2025/16/results.json
2025-06-26 10:39:06,563 - services.api_client - INFO - GET request to: http://api.jolpi.ca/ergast/f1/2025/17/results.json
2025-06-26 10:39:06,988 - services.api_client - INFO - Successful response from http://api.jolpi.ca/ergast/f1/2025/17/results.json
2025-06-26 10:39:07,564 - services.api_client - INFO - GET request to: http://api.jolpi.ca/ergast/f1/2025/18/results.json
2025-06-26 10:39:07,992 - services.api_client - INFO - Successful response from http://api.jolpi.ca/ergast/f1/2025/18/results.json
2025-06-26 10:39:08,566 - services.api_client - INFO - GET request to: http://api.jolpi.ca/ergast/f1/2025/19/results.json
2025-06-26 10:39:08,997 - services.api_client - INFO - Successful response from http://api.jolpi.ca/ergast/f1/2025/19/results.json
2025-06-26 10:39:09,566 - services.api_client - INFO - GET request to: http://api.jolpi.ca/ergast/f1/2025/20/results.json
2025-06-26 10:39:09,997 - services.api_client - INFO - Successful response from http://api.jolpi.ca/ergast/f1/2025/20/results.json
2025-06-26 10:39:10,566 - services.api_client - INFO - GET request to: http://api.jolpi.ca/ergast/f1/2025/21/results.json
2025-06-26 10:39:10,991 - services.api_client - INFO - Successful response from http://api.jolpi.ca/ergast/f1/2025/21/results.json
2025-06-26 10:39:11,567 - services.api_client - INFO - GET request to: http://api.jolpi.ca/ergast/f1/2025/22/results.json
2025-06-26 10:39:11,992 - services.api_client - INFO - Successful response from http://api.jolpi.ca/ergast/f1/2025/22/results.json
2025-06-26 10:39:12,568 - services.api_client - INFO - GET request to: http://api.jolpi.ca/ergast/f1/2025/23/results.json
2025-06-26 10:39:12,993 - services.api_client - INFO - Successful response from http://api.jolpi.ca/ergast/f1/2025/23/results.json
2025-06-26 10:39:13,569 - services.api_client - INFO - GET request to: http://api.jolpi.ca/ergast/f1/2025/24/results.json
2025-06-26 10:39:13,995 - services.api_client - INFO - Successful response from http://api.jolpi.ca/ergast/f1/2025/24/results.json
2025-06-26 10:39:13,998 - services.data_service - INFO - Loaded 24 races for 2025
2025-06-26 10:42:09,370 - __main__ - INFO - Application exited with code: 0
2025-06-26 10:42:16,545 - __main__ - INFO - Logging system initialized
2025-06-26 10:42:16,545 - __main__ - INFO - Starting F1 & MotoGP Dashboard application
2025-06-26 10:42:16,546 - __main__ - INFO - Application directories created
2025-06-26 10:42:16,605 - __main__ - INFO - Qt application configured
2025-06-26 10:42:17,742 - utils.i18n - INFO - Loaded translations for: en
2025-06-26 10:42:17,743 - utils.i18n - INFO - Loaded translations for: es
2025-06-26 10:42:17,750 - utils.i18n - INFO - Language changed from en to en
2025-06-26 10:42:17,852 - services.api_client - INFO - Initialized ErgastAPIClient with base URL: http://api.jolpi.ca/ergast/f1
2025-06-26 10:42:18,456 - __main__ - INFO - Main window created and shown
2025-06-26 10:42:18,457 - __main__ - INFO - Application ready - entering event loop
2025-06-26 10:42:18,516 - services.api_client - INFO - GET request to: http://api.jolpi.ca/ergast/f1/current/driverStandings.json
2025-06-26 10:42:19,516 - services.api_client - INFO - GET request to: http://api.jolpi.ca/ergast/f1/2025.json
2025-06-26 10:42:19,655 - services.api_client - INFO - Successful response from http://api.jolpi.ca/ergast/f1/current/driverStandings.json
2025-06-26 10:42:19,659 - services.data_service - INFO - Loaded 21 driver standings
2025-06-26 10:42:19,946 - services.api_client - INFO - Successful response from http://api.jolpi.ca/ergast/f1/2025.json
2025-06-26 10:42:20,516 - services.api_client - INFO - GET request to: http://api.jolpi.ca/ergast/f1/2025/1/results.json
2025-06-26 10:42:35,124 - __main__ - INFO - Logging system initialized
2025-06-26 10:42:35,125 - __main__ - INFO - Starting F1 & MotoGP Dashboard application
2025-06-26 10:42:35,126 - __main__ - INFO - Application directories created
2025-06-26 10:42:35,197 - __main__ - INFO - Qt application configured
2025-06-26 10:42:35,907 - utils.i18n - INFO - Loaded translations for: en
2025-06-26 10:42:35,908 - utils.i18n - INFO - Loaded translations for: es
2025-06-26 10:42:35,915 - utils.i18n - INFO - Language changed from en to en
2025-06-26 10:42:35,981 - services.api_client - INFO - Initialized ErgastAPIClient with base URL: http://api.jolpi.ca/ergast/f1
2025-06-26 10:42:36,415 - __main__ - INFO - Main window created and shown
2025-06-26 10:42:36,416 - __main__ - INFO - Application ready - entering event loop
2025-06-26 10:42:36,907 - services.api_client - INFO - GET request to: http://api.jolpi.ca/ergast/f1/current/driverStandings.json
2025-06-26 10:42:49,354 - __main__ - INFO - Logging system initialized
2025-06-26 10:42:49,354 - __main__ - INFO - Starting F1 & MotoGP Dashboard application
2025-06-26 10:42:49,356 - __main__ - INFO - Application directories created
2025-06-26 10:42:49,420 - __main__ - INFO - Qt application configured
2025-06-26 10:42:50,044 - utils.i18n - INFO - Loaded translations for: en
2025-06-26 10:42:50,045 - utils.i18n - INFO - Loaded translations for: es
2025-06-26 10:42:50,048 - utils.i18n - INFO - Language changed from en to en
2025-06-26 10:42:50,121 - services.api_client - INFO - Initialized ErgastAPIClient with base URL: http://api.jolpi.ca/ergast/f1
2025-06-26 10:42:50,545 - __main__ - INFO - Main window created and shown
2025-06-26 10:42:50,545 - __main__ - INFO - Application ready - entering event loop
2025-06-26 10:42:50,905 - services.api_client - INFO - GET request to: http://api.jolpi.ca/ergast/f1/current/driverStandings.json
2025-06-26 10:42:51,906 - services.api_client - INFO - GET request to: http://api.jolpi.ca/ergast/f1/2025.json
2025-06-26 10:42:52,017 - services.api_client - INFO - Successful response from http://api.jolpi.ca/ergast/f1/current/driverStandings.json
2025-06-26 10:42:52,018 - services.data_service - INFO - Loaded 21 driver standings
2025-06-26 10:42:52,344 - services.api_client - INFO - Successful response from http://api.jolpi.ca/ergast/f1/2025.json
2025-06-26 10:42:52,907 - services.api_client - INFO - GET request to: http://api.jolpi.ca/ergast/f1/2025/1/results.json
2025-06-26 10:42:53,341 - services.api_client - INFO - Successful response from http://api.jolpi.ca/ergast/f1/2025/1/results.json
2025-06-26 10:42:53,907 - services.api_client - INFO - GET request to: http://api.jolpi.ca/ergast/f1/2025/2/results.json
2025-06-26 10:42:54,335 - services.api_client - INFO - Successful response from http://api.jolpi.ca/ergast/f1/2025/2/results.json
2025-06-26 10:42:54,908 - services.api_client - INFO - GET request to: http://api.jolpi.ca/ergast/f1/2025/3/results.json
2025-06-26 10:42:55,336 - services.api_client - INFO - Successful response from http://api.jolpi.ca/ergast/f1/2025/3/results.json
2025-06-26 10:42:55,909 - services.api_client - INFO - GET request to: http://api.jolpi.ca/ergast/f1/2025/4/results.json
2025-06-26 10:42:56,337 - services.api_client - INFO - Successful response from http://api.jolpi.ca/ergast/f1/2025/4/results.json
2025-06-26 10:42:56,909 - services.api_client - INFO - GET request to: http://api.jolpi.ca/ergast/f1/2025/5/results.json
2025-06-26 10:42:57,337 - services.api_client - INFO - Successful response from http://api.jolpi.ca/ergast/f1/2025/5/results.json
2025-06-26 10:42:57,910 - services.api_client - INFO - GET request to: http://api.jolpi.ca/ergast/f1/2025/6/results.json
2025-06-26 10:42:58,337 - services.api_client - INFO - Successful response from http://api.jolpi.ca/ergast/f1/2025/6/results.json
2025-06-26 10:42:58,911 - services.api_client - INFO - GET request to: http://api.jolpi.ca/ergast/f1/2025/7/results.json
2025-06-26 10:42:59,133 - __main__ - INFO - Application exited with code: 0
2025-06-26 10:56:24,069 - __main__ - INFO - Logging system initialized
2025-06-26 10:56:24,069 - __main__ - INFO - Starting F1 & MotoGP Dashboard application
2025-06-26 10:56:24,071 - __main__ - INFO - Application directories created
2025-06-26 10:56:24,146 - __main__ - INFO - Qt application configured
2025-06-26 10:56:24,870 - utils.i18n - INFO - Loaded translations for: en
2025-06-26 10:56:24,871 - utils.i18n - INFO - Loaded translations for: es
2025-06-26 10:56:24,875 - utils.i18n - INFO - Language changed from en to en
2025-06-26 10:56:25,029 - services.api_client - INFO - Initialized ErgastAPIClient with base URL: http://api.jolpi.ca/ergast/f1
2025-06-26 10:56:25,609 - __main__ - INFO - Main window created and shown
2025-06-26 10:56:25,610 - __main__ - INFO - Application ready - entering event loop
2025-06-26 10:56:25,624 - services.api_client - INFO - GET request to: http://api.jolpi.ca/ergast/f1/current/driverStandings.json
2025-06-26 10:56:26,625 - services.api_client - INFO - GET request to: http://api.jolpi.ca/ergast/f1/2025.json
2025-06-26 10:56:26,746 - services.api_client - INFO - Successful response from http://api.jolpi.ca/ergast/f1/current/driverStandings.json
2025-06-26 10:56:26,746 - services.data_service - INFO - Loaded 21 driver standings
2025-06-26 10:56:27,051 - services.api_client - INFO - Successful response from http://api.jolpi.ca/ergast/f1/2025.json
2025-06-26 10:56:27,625 - services.api_client - INFO - GET request to: http://api.jolpi.ca/ergast/f1/2025/1/results.json
2025-06-26 10:56:28,306 - services.api_client - INFO - Successful response from http://api.jolpi.ca/ergast/f1/2025/1/results.json
2025-06-26 10:56:28,626 - services.api_client - INFO - GET request to: http://api.jolpi.ca/ergast/f1/2025/2/results.json
2025-06-26 10:56:29,142 - services.api_client - INFO - Successful response from http://api.jolpi.ca/ergast/f1/2025/2/results.json
2025-06-26 10:56:29,627 - services.api_client - INFO - GET request to: http://api.jolpi.ca/ergast/f1/2025/3/results.json
2025-06-26 10:56:30,135 - services.api_client - INFO - Successful response from http://api.jolpi.ca/ergast/f1/2025/3/results.json
2025-06-26 10:56:30,627 - services.api_client - INFO - GET request to: http://api.jolpi.ca/ergast/f1/2025/4/results.json
2025-06-26 10:56:31,335 - services.api_client - INFO - Successful response from http://api.jolpi.ca/ergast/f1/2025/4/results.json
2025-06-26 10:56:31,628 - services.api_client - INFO - GET request to: http://api.jolpi.ca/ergast/f1/2025/5/results.json
2025-06-26 10:56:32,333 - services.api_client - INFO - Successful response from http://api.jolpi.ca/ergast/f1/2025/5/results.json
2025-06-26 10:56:32,628 - services.api_client - INFO - GET request to: http://api.jolpi.ca/ergast/f1/2025/6/results.json
2025-06-26 10:56:33,132 - services.api_client - INFO - Successful response from http://api.jolpi.ca/ergast/f1/2025/6/results.json
2025-06-26 10:56:33,628 - services.api_client - INFO - GET request to: http://api.jolpi.ca/ergast/f1/2025/7/results.json
2025-06-26 10:56:34,320 - services.api_client - INFO - Successful response from http://api.jolpi.ca/ergast/f1/2025/7/results.json
2025-06-26 10:56:34,629 - services.api_client - INFO - GET request to: http://api.jolpi.ca/ergast/f1/2025/8/results.json
2025-06-26 10:56:35,326 - services.api_client - INFO - Successful response from http://api.jolpi.ca/ergast/f1/2025/8/results.json
2025-06-26 10:56:35,630 - services.api_client - INFO - GET request to: http://api.jolpi.ca/ergast/f1/2025/9/results.json
2025-06-26 10:56:36,228 - services.api_client - INFO - Successful response from http://api.jolpi.ca/ergast/f1/2025/9/results.json
2025-06-26 10:56:36,630 - services.api_client - INFO - GET request to: http://api.jolpi.ca/ergast/f1/2025/10/results.json
2025-06-26 10:56:37,326 - services.api_client - INFO - Successful response from http://api.jolpi.ca/ergast/f1/2025/10/results.json
2025-06-26 10:56:37,631 - services.api_client - INFO - GET request to: http://api.jolpi.ca/ergast/f1/2025/11/results.json
2025-06-26 10:56:38,243 - services.api_client - INFO - Successful response from http://api.jolpi.ca/ergast/f1/2025/11/results.json
2025-06-26 10:56:38,631 - services.api_client - INFO - GET request to: http://api.jolpi.ca/ergast/f1/2025/12/results.json
2025-06-26 10:56:39,067 - services.api_client - INFO - Successful response from http://api.jolpi.ca/ergast/f1/2025/12/results.json
2025-06-26 10:56:39,632 - services.api_client - INFO - GET request to: http://api.jolpi.ca/ergast/f1/2025/13/results.json
2025-06-26 10:56:40,274 - services.api_client - INFO - Successful response from http://api.jolpi.ca/ergast/f1/2025/13/results.json
2025-06-26 10:56:40,633 - services.api_client - INFO - GET request to: http://api.jolpi.ca/ergast/f1/2025/14/results.json
2025-06-26 10:56:41,069 - services.api_client - INFO - Successful response from http://api.jolpi.ca/ergast/f1/2025/14/results.json
2025-06-26 10:56:41,634 - services.api_client - INFO - GET request to: http://api.jolpi.ca/ergast/f1/2025/15/results.json
2025-06-26 10:56:42,072 - services.api_client - INFO - Successful response from http://api.jolpi.ca/ergast/f1/2025/15/results.json
2025-06-26 10:56:42,634 - services.api_client - INFO - GET request to: http://api.jolpi.ca/ergast/f1/2025/16/results.json
2025-06-26 10:56:43,072 - services.api_client - INFO - Successful response from http://api.jolpi.ca/ergast/f1/2025/16/results.json
2025-06-26 10:56:43,312 - __main__ - INFO - Application exited with code: 0
2025-06-26 10:58:54,082 - __main__ - INFO - Logging system initialized
2025-06-26 10:58:54,083 - __main__ - INFO - Starting F1 & MotoGP Dashboard application
2025-06-26 10:58:54,084 - __main__ - INFO - Application directories created
2025-06-26 10:58:54,145 - __main__ - INFO - Qt application configured
2025-06-26 10:58:54,866 - utils.i18n - INFO - Loaded translations for: en
2025-06-26 10:58:54,867 - utils.i18n - INFO - Loaded translations for: es
2025-06-26 10:58:54,872 - utils.i18n - INFO - Language changed from en to en
2025-06-26 10:58:55,023 - services.api_client - INFO - Initialized ErgastAPIClient with base URL: http://api.jolpi.ca/ergast/f1
2025-06-26 10:58:55,469 - __main__ - INFO - Main window created and shown
2025-06-26 10:58:55,470 - __main__ - INFO - Application ready - entering event loop
2025-06-26 10:58:55,997 - services.api_client - INFO - GET request to: http://api.jolpi.ca/ergast/f1/current/driverStandings.json
2025-06-26 10:58:56,998 - services.api_client - INFO - GET request to: http://api.jolpi.ca/ergast/f1/2025.json
2025-06-26 10:58:57,099 - services.api_client - INFO - Successful response from http://api.jolpi.ca/ergast/f1/current/driverStandings.json
2025-06-26 10:58:57,099 - services.data_service - INFO - Loaded 21 driver standings
2025-06-26 10:58:57,425 - services.api_client - INFO - Successful response from http://api.jolpi.ca/ergast/f1/2025.json
2025-06-26 10:58:57,998 - services.api_client - INFO - GET request to: http://api.jolpi.ca/ergast/f1/2025/1/results.json
2025-06-26 10:58:58,425 - services.api_client - INFO - Successful response from http://api.jolpi.ca/ergast/f1/2025/1/results.json
2025-06-26 10:58:58,999 - services.api_client - INFO - GET request to: http://api.jolpi.ca/ergast/f1/2025/2/results.json
2025-06-26 10:58:59,431 - services.api_client - INFO - Successful response from http://api.jolpi.ca/ergast/f1/2025/2/results.json
2025-06-26 10:58:59,999 - services.api_client - INFO - GET request to: http://api.jolpi.ca/ergast/f1/2025/3/results.json
2025-06-26 10:59:00,426 - services.api_client - INFO - Successful response from http://api.jolpi.ca/ergast/f1/2025/3/results.json
2025-06-26 10:59:00,999 - services.api_client - INFO - GET request to: http://api.jolpi.ca/ergast/f1/2025/4/results.json
2025-06-26 10:59:01,426 - services.api_client - INFO - Successful response from http://api.jolpi.ca/ergast/f1/2025/4/results.json
2025-06-26 10:59:02,000 - services.api_client - INFO - GET request to: http://api.jolpi.ca/ergast/f1/2025/5/results.json
2025-06-26 10:59:02,426 - services.api_client - INFO - Successful response from http://api.jolpi.ca/ergast/f1/2025/5/results.json
2025-06-26 10:59:03,000 - services.api_client - INFO - GET request to: http://api.jolpi.ca/ergast/f1/2025/6/results.json
2025-06-26 10:59:03,428 - services.api_client - INFO - Successful response from http://api.jolpi.ca/ergast/f1/2025/6/results.json
2025-06-26 10:59:04,001 - services.api_client - INFO - GET request to: http://api.jolpi.ca/ergast/f1/2025/7/results.json
2025-06-26 10:59:04,430 - services.api_client - INFO - Successful response from http://api.jolpi.ca/ergast/f1/2025/7/results.json
2025-06-26 10:59:05,002 - services.api_client - INFO - GET request to: http://api.jolpi.ca/ergast/f1/2025/8/results.json
2025-06-26 10:59:05,429 - services.api_client - INFO - Successful response from http://api.jolpi.ca/ergast/f1/2025/8/results.json
2025-06-26 10:59:06,002 - services.api_client - INFO - GET request to: http://api.jolpi.ca/ergast/f1/2025/9/results.json
2025-06-26 10:59:06,432 - services.api_client - INFO - Successful response from http://api.jolpi.ca/ergast/f1/2025/9/results.json
2025-06-26 10:59:07,003 - services.api_client - INFO - GET request to: http://api.jolpi.ca/ergast/f1/2025/10/results.json
2025-06-26 10:59:07,432 - services.api_client - INFO - Successful response from http://api.jolpi.ca/ergast/f1/2025/10/results.json
2025-06-26 10:59:08,004 - services.api_client - INFO - GET request to: http://api.jolpi.ca/ergast/f1/2025/11/results.json
2025-06-26 10:59:08,434 - services.api_client - INFO - Successful response from http://api.jolpi.ca/ergast/f1/2025/11/results.json
2025-06-26 10:59:09,005 - services.api_client - INFO - GET request to: http://api.jolpi.ca/ergast/f1/2025/12/results.json
2025-06-26 10:59:09,431 - services.api_client - INFO - Successful response from http://api.jolpi.ca/ergast/f1/2025/12/results.json
2025-06-26 10:59:10,006 - services.api_client - INFO - GET request to: http://api.jolpi.ca/ergast/f1/2025/13/results.json
2025-06-26 10:59:10,433 - services.api_client - INFO - Successful response from http://api.jolpi.ca/ergast/f1/2025/13/results.json
2025-06-26 10:59:11,006 - services.api_client - INFO - GET request to: http://api.jolpi.ca/ergast/f1/2025/14/results.json
2025-06-26 10:59:11,433 - services.api_client - INFO - Successful response from http://api.jolpi.ca/ergast/f1/2025/14/results.json
2025-06-26 10:59:12,007 - services.api_client - INFO - GET request to: http://api.jolpi.ca/ergast/f1/2025/15/results.json
2025-06-26 10:59:12,434 - services.api_client - INFO - Successful response from http://api.jolpi.ca/ergast/f1/2025/15/results.json
2025-06-26 10:59:13,007 - services.api_client - INFO - GET request to: http://api.jolpi.ca/ergast/f1/2025/16/results.json
2025-06-26 10:59:13,434 - services.api_client - INFO - Successful response from http://api.jolpi.ca/ergast/f1/2025/16/results.json
2025-06-26 10:59:14,008 - services.api_client - INFO - GET request to: http://api.jolpi.ca/ergast/f1/2025/17/results.json
2025-06-26 10:59:14,633 - services.api_client - INFO - Successful response from http://api.jolpi.ca/ergast/f1/2025/17/results.json
2025-06-26 10:59:15,009 - services.api_client - INFO - GET request to: http://api.jolpi.ca/ergast/f1/2025/18/results.json
2025-06-26 10:59:15,644 - services.api_client - INFO - Successful response from http://api.jolpi.ca/ergast/f1/2025/18/results.json
2025-06-26 10:59:16,009 - services.api_client - INFO - GET request to: http://api.jolpi.ca/ergast/f1/2025/19/results.json
2025-06-26 10:59:16,457 - services.api_client - INFO - Successful response from http://api.jolpi.ca/ergast/f1/2025/19/results.json
2025-06-26 10:59:17,010 - services.api_client - INFO - GET request to: http://api.jolpi.ca/ergast/f1/2025/20/results.json
2025-06-26 10:59:17,450 - services.api_client - INFO - Successful response from http://api.jolpi.ca/ergast/f1/2025/20/results.json
2025-06-26 10:59:18,010 - services.api_client - INFO - GET request to: http://api.jolpi.ca/ergast/f1/2025/21/results.json
2025-06-26 10:59:18,448 - services.api_client - INFO - Successful response from http://api.jolpi.ca/ergast/f1/2025/21/results.json
2025-06-26 10:59:19,010 - services.api_client - INFO - GET request to: http://api.jolpi.ca/ergast/f1/2025/22/results.json
2025-06-26 10:59:19,639 - services.api_client - INFO - Successful response from http://api.jolpi.ca/ergast/f1/2025/22/results.json
2025-06-26 10:59:20,011 - services.api_client - INFO - GET request to: http://api.jolpi.ca/ergast/f1/2025/23/results.json
2025-06-26 10:59:20,631 - services.api_client - INFO - Successful response from http://api.jolpi.ca/ergast/f1/2025/23/results.json
2025-06-26 10:59:21,011 - services.api_client - INFO - GET request to: http://api.jolpi.ca/ergast/f1/2025/24/results.json
2025-06-26 10:59:21,450 - services.api_client - INFO - Successful response from http://api.jolpi.ca/ergast/f1/2025/24/results.json
2025-06-26 10:59:21,451 - services.data_service - INFO - Loaded 24 races for 2025
2025-06-26 11:00:59,051 - __main__ - INFO - Application exited with code: 0
2025-06-26 11:11:56,926 - __main__ - INFO - Logging system initialized
2025-06-26 11:11:56,926 - __main__ - INFO - Starting F1 & MotoGP Dashboard application
2025-06-26 11:11:56,927 - __main__ - INFO - Application directories created
2025-06-26 11:11:56,989 - __main__ - INFO - Qt application configured
2025-06-26 11:11:57,731 - utils.i18n - INFO - Loaded translations for: en
2025-06-26 11:11:57,732 - utils.i18n - INFO - Loaded translations for: es
2025-06-26 11:11:57,736 - utils.i18n - INFO - Language changed from en to en
2025-06-26 11:11:57,806 - __main__ - ERROR - Unexpected error: arguments did not match any overloaded call:
  scaled(self, width: int, height: int, aspectRatioMode: Qt.AspectRatioMode = Qt.IgnoreAspectRatio, transformMode: Qt.TransformationMode = Qt.FastTransformation): argument 1 has unexpected type 'float'
  scaled(self, size: QSize, aspectRatioMode: Qt.AspectRatioMode = Qt.IgnoreAspectRatio, transformMode: Qt.TransformationMode = Qt.FastTransformation): argument 1 has unexpected type 'float'
Traceback (most recent call last):
  File "C:\LOCAL Project\OneMotor\main.py", line 77, in main
    window = MainWindow()
  File "C:\LOCAL Project\OneMotor\ui\main_window.py", line 317, in __init__
    self.setup_ui()
    ~~~~~~~~~~~~~^^
  File "C:\LOCAL Project\OneMotor\ui\main_window.py", line 351, in setup_ui
    self.create_home_view()
    ~~~~~~~~~~~~~~~~~~~~~^^
  File "C:\LOCAL Project\OneMotor\ui\main_window.py", line 415, in create_home_view
    self.f1_card = ModernMotorsportCard(
                   ~~~~~~~~~~~~~~~~~~~~^
        title="FORMULA 1",
        ^^^^^^^^^^^^^^^^^^
        series_type="f1"
        ^^^^^^^^^^^^^^^^
    )
    ^
  File "C:\LOCAL Project\OneMotor\ui\main_window.py", line 34, in __init__
    self.setup_ui(title)
    ~~~~~~~~~~~~~^^^^^^^
  File "C:\LOCAL Project\OneMotor\ui\main_window.py", line 77, in setup_ui
    self.logo_widget = self.create_high_quality_logo()
                       ~~~~~~~~~~~~~~~~~~~~~~~~~~~~~^^
  File "C:\LOCAL Project\OneMotor\ui\main_window.py", line 144, in create_high_quality_logo
    scaled_pixmap = original_pixmap.scaled(
        target_width * device_pixel_ratio,
    ...<2 lines>...
        Qt.TransformationMode.SmoothTransformation
    )
TypeError: arguments did not match any overloaded call:
  scaled(self, width: int, height: int, aspectRatioMode: Qt.AspectRatioMode = Qt.IgnoreAspectRatio, transformMode: Qt.TransformationMode = Qt.FastTransformation): argument 1 has unexpected type 'float'
  scaled(self, size: QSize, aspectRatioMode: Qt.AspectRatioMode = Qt.IgnoreAspectRatio, transformMode: Qt.TransformationMode = Qt.FastTransformation): argument 1 has unexpected type 'float'
2025-06-26 11:13:12,714 - __main__ - INFO - Logging system initialized
2025-06-26 11:13:12,714 - __main__ - INFO - Starting F1 & MotoGP Dashboard application
2025-06-26 11:13:12,715 - __main__ - INFO - Application directories created
2025-06-26 11:13:12,759 - __main__ - INFO - Qt application configured
2025-06-26 11:13:13,450 - utils.i18n - INFO - Loaded translations for: en
2025-06-26 11:13:13,451 - utils.i18n - INFO - Loaded translations for: es
2025-06-26 11:13:13,480 - utils.i18n - INFO - Language changed from en to en
2025-06-26 11:13:13,533 - utils.image_utils - INFO - Successfully loaded high-quality image: logo/f1_logo.png
2025-06-26 11:13:13,538 - ui.main_window - INFO - Loaded high-quality logo: logo/f1_logo.png
2025-06-26 11:13:13,586 - utils.image_utils - INFO - Successfully loaded high-quality image: logo/motogp_logo.png
2025-06-26 11:13:13,591 - ui.main_window - INFO - Loaded high-quality logo: logo/motogp_logo.png
2025-06-26 11:13:13,610 - services.api_client - INFO - Initialized ErgastAPIClient with base URL: http://api.jolpica.com/ergast/f1
2025-06-26 11:13:14,059 - __main__ - INFO - Main window created and shown
2025-06-26 11:13:14,060 - __main__ - INFO - Application ready - entering event loop
2025-06-26 11:13:14,502 - services.api_client - INFO - GET request to: http://api.jolpica.com/ergast/f1/current/driverStandings.json
2025-06-26 11:13:14,555 - services.api_client - ERROR - Request failed for http://api.jolpica.com/ergast/f1/current/driverStandings.json: HTTPConnectionPool(host='api.jolpica.com', port=80): Max retries exceeded with url: /ergast/f1/current/driverStandings.json (Caused by NameResolutionError("<urllib3.connection.HTTPConnection object at 0x0000016E3370E900>: Failed to resolve 'api.jolpica.com' ([Errno 11001] getaddrinfo failed)"))
2025-06-26 11:13:14,557 - services.api_client - WARNING - Attempt 1 failed: Error accessing http://api.jolpica.com/ergast/f1/current/driverStandings.json: HTTPConnectionPool(host='api.jolpica.com', port=80): Max retries exceeded with url: /ergast/f1/current/driverStandings.json (Caused by NameResolutionError("<urllib3.connection.HTTPConnection object at 0x0000016E3370E900>: Failed to resolve 'api.jolpica.com' ([Errno 11001] getaddrinfo failed)"))
2025-06-26 11:13:14,558 - services.api_client - WARNING - Switching to backup URL: https://api.jolpica.com/ergast/f1
2025-06-26 11:13:14,559 - services.api_client - INFO - Retrying with backup URL: https://api.jolpica.com/ergast/f1
2025-06-26 11:13:15,503 - services.api_client - INFO - GET request to: https://api.jolpica.com/ergast/f1/current/driverStandings.json
2025-06-26 11:13:15,503 - services.api_client - INFO - GET request to: https://api.jolpica.com/ergast/f1/2025.json
2025-06-26 11:13:15,505 - services.api_client - ERROR - Request failed for https://api.jolpica.com/ergast/f1/current/driverStandings.json: HTTPSConnectionPool(host='api.jolpica.com', port=443): Max retries exceeded with url: /ergast/f1/current/driverStandings.json (Caused by NameResolutionError("<urllib3.connection.HTTPSConnection object at 0x0000016E3370EE40>: Failed to resolve 'api.jolpica.com' ([Errno 11001] getaddrinfo failed)"))
2025-06-26 11:13:15,506 - services.api_client - ERROR - Request failed for https://api.jolpica.com/ergast/f1/2025.json: HTTPSConnectionPool(host='api.jolpica.com', port=443): Max retries exceeded with url: /ergast/f1/2025.json (Caused by NameResolutionError("<urllib3.connection.HTTPSConnection object at 0x0000016E358C9950>: Failed to resolve 'api.jolpica.com' ([Errno 11001] getaddrinfo failed)"))
2025-06-26 11:13:15,506 - services.api_client - WARNING - Attempt 2 failed: Error accessing https://api.jolpica.com/ergast/f1/current/driverStandings.json: HTTPSConnectionPool(host='api.jolpica.com', port=443): Max retries exceeded with url: /ergast/f1/current/driverStandings.json (Caused by NameResolutionError("<urllib3.connection.HTTPSConnection object at 0x0000016E3370EE40>: Failed to resolve 'api.jolpica.com' ([Errno 11001] getaddrinfo failed)"))
2025-06-26 11:13:15,506 - services.api_client - WARNING - Attempt 1 failed: Error accessing https://api.jolpica.com/ergast/f1/2025.json: HTTPSConnectionPool(host='api.jolpica.com', port=443): Max retries exceeded with url: /ergast/f1/2025.json (Caused by NameResolutionError("<urllib3.connection.HTTPSConnection object at 0x0000016E358C9950>: Failed to resolve 'api.jolpica.com' ([Errno 11001] getaddrinfo failed)"))
2025-06-26 11:13:15,507 - services.api_client - WARNING - Switching to backup URL: http://api.jolpica.com/ergast/f1
2025-06-26 11:13:15,507 - services.data_service - ERROR - Error getting race calendar: All API endpoints failed. Last error: Error accessing https://api.jolpica.com/ergast/f1/2025.json: HTTPSConnectionPool(host='api.jolpica.com', port=443): Max retries exceeded with url: /ergast/f1/2025.json (Caused by NameResolutionError("<urllib3.connection.HTTPSConnection object at 0x0000016E358C9950>: Failed to resolve 'api.jolpica.com' ([Errno 11001] getaddrinfo failed)"))
2025-06-26 11:13:15,508 - services.api_client - INFO - Retrying with backup URL: http://api.jolpica.com/ergast/f1
2025-06-26 11:13:15,508 - services.data_service - ERROR - Connection error: All API endpoints failed. Last error: Error accessing https://api.jolpica.com/ergast/f1/2025.json: HTTPSConnectionPool(host='api.jolpica.com', port=443): Max retries exceeded with url: /ergast/f1/2025.json (Caused by NameResolutionError("<urllib3.connection.HTTPSConnection object at 0x0000016E358C9950>: Failed to resolve 'api.jolpica.com' ([Errno 11001] getaddrinfo failed)"))
2025-06-26 11:13:16,504 - services.api_client - INFO - GET request to: http://api.jolpica.com/ergast/f1/current/driverStandings.json
2025-06-26 11:13:16,507 - services.api_client - ERROR - Request failed for http://api.jolpica.com/ergast/f1/current/driverStandings.json: HTTPConnectionPool(host='api.jolpica.com', port=80): Max retries exceeded with url: /ergast/f1/current/driverStandings.json (Caused by NameResolutionError("<urllib3.connection.HTTPConnection object at 0x0000016E358C8F50>: Failed to resolve 'api.jolpica.com' ([Errno 11001] getaddrinfo failed)"))
2025-06-26 11:13:16,507 - services.api_client - WARNING - Attempt 3 failed: Error accessing http://api.jolpica.com/ergast/f1/current/driverStandings.json: HTTPConnectionPool(host='api.jolpica.com', port=80): Max retries exceeded with url: /ergast/f1/current/driverStandings.json (Caused by NameResolutionError("<urllib3.connection.HTTPConnection object at 0x0000016E358C8F50>: Failed to resolve 'api.jolpica.com' ([Errno 11001] getaddrinfo failed)"))
2025-06-26 11:13:16,508 - services.data_service - ERROR - Error getting F1 standings: All API endpoints failed. Last error: Error accessing http://api.jolpica.com/ergast/f1/current/driverStandings.json: HTTPConnectionPool(host='api.jolpica.com', port=80): Max retries exceeded with url: /ergast/f1/current/driverStandings.json (Caused by NameResolutionError("<urllib3.connection.HTTPConnection object at 0x0000016E358C8F50>: Failed to resolve 'api.jolpica.com' ([Errno 11001] getaddrinfo failed)"))
2025-06-26 11:13:16,509 - services.data_service - ERROR - Connection error: All API endpoints failed. Last error: Error accessing http://api.jolpica.com/ergast/f1/current/driverStandings.json: HTTPConnectionPool(host='api.jolpica.com', port=80): Max retries exceeded with url: /ergast/f1/current/driverStandings.json (Caused by NameResolutionError("<urllib3.connection.HTTPConnection object at 0x0000016E358C8F50>: Failed to resolve 'api.jolpica.com' ([Errno 11001] getaddrinfo failed)"))
2025-06-26 11:13:25,851 - __main__ - INFO - Application exited with code: 0
2025-06-26 11:13:35,457 - __main__ - INFO - Logging system initialized
2025-06-26 11:13:35,457 - __main__ - INFO - Starting F1 & MotoGP Dashboard application
2025-06-26 11:13:35,458 - __main__ - INFO - Application directories created
2025-06-26 11:13:35,523 - __main__ - INFO - Qt application configured
2025-06-26 11:13:36,227 - utils.i18n - INFO - Loaded translations for: en
2025-06-26 11:13:36,228 - utils.i18n - INFO - Loaded translations for: es
2025-06-26 11:13:36,247 - utils.i18n - INFO - Language changed from en to en
2025-06-26 11:13:36,296 - utils.image_utils - INFO - Successfully loaded high-quality image: logo/f1_logo.png
2025-06-26 11:13:36,299 - ui.main_window - INFO - Loaded high-quality logo: logo/f1_logo.png
2025-06-26 11:13:36,336 - utils.image_utils - INFO - Successfully loaded high-quality image: logo/motogp_logo.png
2025-06-26 11:13:36,339 - ui.main_window - INFO - Loaded high-quality logo: logo/motogp_logo.png
2025-06-26 11:13:36,357 - services.api_client - INFO - Initialized ErgastAPIClient with base URL: http://api.jolpica.com/ergast/f1
2025-06-26 11:13:36,757 - __main__ - INFO - Main window created and shown
2025-06-26 11:13:36,759 - __main__ - INFO - Application ready - entering event loop
2025-06-26 11:13:37,304 - services.api_client - INFO - GET request to: http://api.jolpica.com/ergast/f1/current/driverStandings.json
2025-06-26 11:13:37,351 - services.api_client - ERROR - Request failed for http://api.jolpica.com/ergast/f1/current/driverStandings.json: HTTPConnectionPool(host='api.jolpica.com', port=80): Max retries exceeded with url: /ergast/f1/current/driverStandings.json (Caused by NameResolutionError("<urllib3.connection.HTTPConnection object at 0x000002CA7F29A510>: Failed to resolve 'api.jolpica.com' ([Errno 11001] getaddrinfo failed)"))
2025-06-26 11:13:37,353 - services.api_client - WARNING - Attempt 1 failed: Error accessing http://api.jolpica.com/ergast/f1/current/driverStandings.json: HTTPConnectionPool(host='api.jolpica.com', port=80): Max retries exceeded with url: /ergast/f1/current/driverStandings.json (Caused by NameResolutionError("<urllib3.connection.HTTPConnection object at 0x000002CA7F29A510>: Failed to resolve 'api.jolpica.com' ([Errno 11001] getaddrinfo failed)"))
2025-06-26 11:13:37,354 - services.api_client - WARNING - Switching to backup URL: https://api.jolpica.com/ergast/f1
2025-06-26 11:13:37,354 - services.api_client - INFO - Retrying with backup URL: https://api.jolpica.com/ergast/f1
2025-06-26 11:13:38,304 - services.api_client - INFO - GET request to: https://api.jolpica.com/ergast/f1/current/driverStandings.json
2025-06-26 11:13:38,305 - services.api_client - INFO - GET request to: https://api.jolpica.com/ergast/f1/2025.json
2025-06-26 11:13:38,306 - services.api_client - ERROR - Request failed for https://api.jolpica.com/ergast/f1/current/driverStandings.json: HTTPSConnectionPool(host='api.jolpica.com', port=443): Max retries exceeded with url: /ergast/f1/current/driverStandings.json (Caused by NameResolutionError("<urllib3.connection.HTTPSConnection object at 0x000002CA7F29AA50>: Failed to resolve 'api.jolpica.com' ([Errno 11001] getaddrinfo failed)"))
2025-06-26 11:13:38,307 - services.api_client - WARNING - Attempt 2 failed: Error accessing https://api.jolpica.com/ergast/f1/current/driverStandings.json: HTTPSConnectionPool(host='api.jolpica.com', port=443): Max retries exceeded with url: /ergast/f1/current/driverStandings.json (Caused by NameResolutionError("<urllib3.connection.HTTPSConnection object at 0x000002CA7F29AA50>: Failed to resolve 'api.jolpica.com' ([Errno 11001] getaddrinfo failed)"))
2025-06-26 11:13:38,307 - services.api_client - ERROR - Request failed for https://api.jolpica.com/ergast/f1/2025.json: HTTPSConnectionPool(host='api.jolpica.com', port=443): Max retries exceeded with url: /ergast/f1/2025.json (Caused by NameResolutionError("<urllib3.connection.HTTPSConnection object at 0x000002CA1F519950>: Failed to resolve 'api.jolpica.com' ([Errno 11001] getaddrinfo failed)"))
2025-06-26 11:13:38,307 - services.api_client - WARNING - Switching to backup URL: http://api.jolpica.com/ergast/f1
2025-06-26 11:13:38,308 - services.api_client - WARNING - Attempt 1 failed: Error accessing https://api.jolpica.com/ergast/f1/2025.json: HTTPSConnectionPool(host='api.jolpica.com', port=443): Max retries exceeded with url: /ergast/f1/2025.json (Caused by NameResolutionError("<urllib3.connection.HTTPSConnection object at 0x000002CA1F519950>: Failed to resolve 'api.jolpica.com' ([Errno 11001] getaddrinfo failed)"))
2025-06-26 11:13:38,308 - services.api_client - INFO - Retrying with backup URL: http://api.jolpica.com/ergast/f1
2025-06-26 11:13:38,308 - services.data_service - ERROR - Error getting race calendar: All API endpoints failed. Last error: Error accessing https://api.jolpica.com/ergast/f1/2025.json: HTTPSConnectionPool(host='api.jolpica.com', port=443): Max retries exceeded with url: /ergast/f1/2025.json (Caused by NameResolutionError("<urllib3.connection.HTTPSConnection object at 0x000002CA1F519950>: Failed to resolve 'api.jolpica.com' ([Errno 11001] getaddrinfo failed)"))
2025-06-26 11:13:38,309 - services.data_service - ERROR - Connection error: All API endpoints failed. Last error: Error accessing https://api.jolpica.com/ergast/f1/2025.json: HTTPSConnectionPool(host='api.jolpica.com', port=443): Max retries exceeded with url: /ergast/f1/2025.json (Caused by NameResolutionError("<urllib3.connection.HTTPSConnection object at 0x000002CA1F519950>: Failed to resolve 'api.jolpica.com' ([Errno 11001] getaddrinfo failed)"))
2025-06-26 11:13:39,305 - services.api_client - INFO - GET request to: http://api.jolpica.com/ergast/f1/current/driverStandings.json
2025-06-26 11:13:39,307 - services.api_client - ERROR - Request failed for http://api.jolpica.com/ergast/f1/current/driverStandings.json: HTTPConnectionPool(host='api.jolpica.com', port=80): Max retries exceeded with url: /ergast/f1/current/driverStandings.json (Caused by NameResolutionError("<urllib3.connection.HTTPConnection object at 0x000002CA1F518F50>: Failed to resolve 'api.jolpica.com' ([Errno 11001] getaddrinfo failed)"))
2025-06-26 11:13:39,307 - services.api_client - WARNING - Attempt 3 failed: Error accessing http://api.jolpica.com/ergast/f1/current/driverStandings.json: HTTPConnectionPool(host='api.jolpica.com', port=80): Max retries exceeded with url: /ergast/f1/current/driverStandings.json (Caused by NameResolutionError("<urllib3.connection.HTTPConnection object at 0x000002CA1F518F50>: Failed to resolve 'api.jolpica.com' ([Errno 11001] getaddrinfo failed)"))
2025-06-26 11:13:39,308 - services.data_service - ERROR - Error getting F1 standings: All API endpoints failed. Last error: Error accessing http://api.jolpica.com/ergast/f1/current/driverStandings.json: HTTPConnectionPool(host='api.jolpica.com', port=80): Max retries exceeded with url: /ergast/f1/current/driverStandings.json (Caused by NameResolutionError("<urllib3.connection.HTTPConnection object at 0x000002CA1F518F50>: Failed to resolve 'api.jolpica.com' ([Errno 11001] getaddrinfo failed)"))
2025-06-26 11:13:39,308 - services.data_service - ERROR - Connection error: All API endpoints failed. Last error: Error accessing http://api.jolpica.com/ergast/f1/current/driverStandings.json: HTTPConnectionPool(host='api.jolpica.com', port=80): Max retries exceeded with url: /ergast/f1/current/driverStandings.json (Caused by NameResolutionError("<urllib3.connection.HTTPConnection object at 0x000002CA1F518F50>: Failed to resolve 'api.jolpica.com' ([Errno 11001] getaddrinfo failed)"))
2025-06-26 11:13:46,357 - __main__ - INFO - Application exited with code: 0
2025-06-26 11:13:52,161 - __main__ - INFO - Logging system initialized
2025-06-26 11:13:52,162 - __main__ - INFO - Starting F1 & MotoGP Dashboard application
2025-06-26 11:13:52,163 - __main__ - INFO - Application directories created
2025-06-26 11:13:52,217 - __main__ - INFO - Qt application configured
2025-06-26 11:13:53,016 - utils.i18n - INFO - Loaded translations for: en
2025-06-26 11:13:53,016 - utils.i18n - INFO - Loaded translations for: es
2025-06-26 11:13:53,037 - utils.i18n - INFO - Language changed from en to en
2025-06-26 11:13:53,112 - utils.image_utils - INFO - Successfully loaded high-quality image: logo/f1_logo.png
2025-06-26 11:13:53,116 - ui.main_window - INFO - Loaded high-quality logo: logo/f1_logo.png
2025-06-26 11:13:53,162 - utils.image_utils - INFO - Successfully loaded high-quality image: logo/motogp_logo.png
2025-06-26 11:13:53,167 - ui.main_window - INFO - Loaded high-quality logo: logo/motogp_logo.png
2025-06-26 11:13:53,185 - services.api_client - INFO - Initialized ErgastAPIClient with base URL: http://api.jolpica.com/ergast/f1
2025-06-26 11:13:53,604 - __main__ - INFO - Main window created and shown
2025-06-26 11:13:53,605 - __main__ - INFO - Application ready - entering event loop
2025-06-26 11:13:54,094 - services.api_client - INFO - GET request to: http://api.jolpica.com/ergast/f1/current/driverStandings.json
2025-06-26 11:13:54,134 - services.api_client - ERROR - Request failed for http://api.jolpica.com/ergast/f1/current/driverStandings.json: HTTPConnectionPool(host='api.jolpica.com', port=80): Max retries exceeded with url: /ergast/f1/current/driverStandings.json (Caused by NameResolutionError("<urllib3.connection.HTTPConnection object at 0x0000021093AFA510>: Failed to resolve 'api.jolpica.com' ([Errno 11001] getaddrinfo failed)"))
2025-06-26 11:13:54,136 - services.api_client - WARNING - Attempt 1 failed: Error accessing http://api.jolpica.com/ergast/f1/current/driverStandings.json: HTTPConnectionPool(host='api.jolpica.com', port=80): Max retries exceeded with url: /ergast/f1/current/driverStandings.json (Caused by NameResolutionError("<urllib3.connection.HTTPConnection object at 0x0000021093AFA510>: Failed to resolve 'api.jolpica.com' ([Errno 11001] getaddrinfo failed)"))
2025-06-26 11:13:54,137 - services.api_client - WARNING - Switching to backup URL: https://api.jolpica.com/ergast/f1
2025-06-26 11:13:54,138 - services.api_client - INFO - Retrying with backup URL: https://api.jolpica.com/ergast/f1
2025-06-26 11:13:55,094 - services.api_client - INFO - GET request to: https://api.jolpica.com/ergast/f1/current/driverStandings.json
2025-06-26 11:13:55,094 - services.api_client - INFO - GET request to: https://api.jolpica.com/ergast/f1/2025.json
2025-06-26 11:13:55,097 - services.api_client - ERROR - Request failed for https://api.jolpica.com/ergast/f1/current/driverStandings.json: HTTPSConnectionPool(host='api.jolpica.com', port=443): Max retries exceeded with url: /ergast/f1/current/driverStandings.json (Caused by NameResolutionError("<urllib3.connection.HTTPSConnection object at 0x0000021093AFAA50>: Failed to resolve 'api.jolpica.com' ([Errno 11001] getaddrinfo failed)"))
2025-06-26 11:13:55,097 - services.api_client - ERROR - Request failed for https://api.jolpica.com/ergast/f1/2025.json: HTTPSConnectionPool(host='api.jolpica.com', port=443): Max retries exceeded with url: /ergast/f1/2025.json (Caused by NameResolutionError("<urllib3.connection.HTTPSConnection object at 0x00000210B30356D0>: Failed to resolve 'api.jolpica.com' ([Errno 11001] getaddrinfo failed)"))
2025-06-26 11:13:55,097 - services.api_client - WARNING - Attempt 2 failed: Error accessing https://api.jolpica.com/ergast/f1/current/driverStandings.json: HTTPSConnectionPool(host='api.jolpica.com', port=443): Max retries exceeded with url: /ergast/f1/current/driverStandings.json (Caused by NameResolutionError("<urllib3.connection.HTTPSConnection object at 0x0000021093AFAA50>: Failed to resolve 'api.jolpica.com' ([Errno 11001] getaddrinfo failed)"))
2025-06-26 11:13:55,097 - services.api_client - WARNING - Attempt 1 failed: Error accessing https://api.jolpica.com/ergast/f1/2025.json: HTTPSConnectionPool(host='api.jolpica.com', port=443): Max retries exceeded with url: /ergast/f1/2025.json (Caused by NameResolutionError("<urllib3.connection.HTTPSConnection object at 0x00000210B30356D0>: Failed to resolve 'api.jolpica.com' ([Errno 11001] getaddrinfo failed)"))
2025-06-26 11:13:55,098 - services.api_client - WARNING - Switching to backup URL: http://api.jolpica.com/ergast/f1
2025-06-26 11:13:55,098 - services.data_service - ERROR - Error getting race calendar: All API endpoints failed. Last error: Error accessing https://api.jolpica.com/ergast/f1/2025.json: HTTPSConnectionPool(host='api.jolpica.com', port=443): Max retries exceeded with url: /ergast/f1/2025.json (Caused by NameResolutionError("<urllib3.connection.HTTPSConnection object at 0x00000210B30356D0>: Failed to resolve 'api.jolpica.com' ([Errno 11001] getaddrinfo failed)"))
2025-06-26 11:13:55,098 - services.api_client - INFO - Retrying with backup URL: http://api.jolpica.com/ergast/f1
2025-06-26 11:13:55,099 - services.data_service - ERROR - Connection error: All API endpoints failed. Last error: Error accessing https://api.jolpica.com/ergast/f1/2025.json: HTTPSConnectionPool(host='api.jolpica.com', port=443): Max retries exceeded with url: /ergast/f1/2025.json (Caused by NameResolutionError("<urllib3.connection.HTTPSConnection object at 0x00000210B30356D0>: Failed to resolve 'api.jolpica.com' ([Errno 11001] getaddrinfo failed)"))
2025-06-26 11:13:56,095 - services.api_client - INFO - GET request to: http://api.jolpica.com/ergast/f1/current/driverStandings.json
2025-06-26 11:13:56,097 - services.api_client - ERROR - Request failed for http://api.jolpica.com/ergast/f1/current/driverStandings.json: HTTPConnectionPool(host='api.jolpica.com', port=80): Max retries exceeded with url: /ergast/f1/current/driverStandings.json (Caused by NameResolutionError("<urllib3.connection.HTTPConnection object at 0x00000210B3034F50>: Failed to resolve 'api.jolpica.com' ([Errno 11001] getaddrinfo failed)"))
2025-06-26 11:13:56,098 - services.api_client - WARNING - Attempt 3 failed: Error accessing http://api.jolpica.com/ergast/f1/current/driverStandings.json: HTTPConnectionPool(host='api.jolpica.com', port=80): Max retries exceeded with url: /ergast/f1/current/driverStandings.json (Caused by NameResolutionError("<urllib3.connection.HTTPConnection object at 0x00000210B3034F50>: Failed to resolve 'api.jolpica.com' ([Errno 11001] getaddrinfo failed)"))
2025-06-26 11:13:56,098 - services.data_service - ERROR - Error getting F1 standings: All API endpoints failed. Last error: Error accessing http://api.jolpica.com/ergast/f1/current/driverStandings.json: HTTPConnectionPool(host='api.jolpica.com', port=80): Max retries exceeded with url: /ergast/f1/current/driverStandings.json (Caused by NameResolutionError("<urllib3.connection.HTTPConnection object at 0x00000210B3034F50>: Failed to resolve 'api.jolpica.com' ([Errno 11001] getaddrinfo failed)"))
2025-06-26 11:13:56,098 - services.data_service - ERROR - Connection error: All API endpoints failed. Last error: Error accessing http://api.jolpica.com/ergast/f1/current/driverStandings.json: HTTPConnectionPool(host='api.jolpica.com', port=80): Max retries exceeded with url: /ergast/f1/current/driverStandings.json (Caused by NameResolutionError("<urllib3.connection.HTTPConnection object at 0x00000210B3034F50>: Failed to resolve 'api.jolpica.com' ([Errno 11001] getaddrinfo failed)"))
2025-06-26 11:14:02,337 - __main__ - INFO - Application exited with code: 0
2025-06-26 11:14:09,641 - __main__ - INFO - Logging system initialized
2025-06-26 11:14:09,642 - __main__ - INFO - Starting F1 & MotoGP Dashboard application
2025-06-26 11:14:09,643 - __main__ - INFO - Application directories created
2025-06-26 11:14:09,696 - __main__ - INFO - Qt application configured
2025-06-26 11:14:10,386 - utils.i18n - INFO - Loaded translations for: en
2025-06-26 11:14:10,387 - utils.i18n - INFO - Loaded translations for: es
2025-06-26 11:14:10,414 - utils.i18n - INFO - Language changed from en to en
2025-06-26 11:14:10,478 - utils.image_utils - INFO - Successfully loaded high-quality image: logo/f1_logo.png
2025-06-26 11:14:10,483 - ui.main_window - INFO - Loaded high-quality logo: logo/f1_logo.png
2025-06-26 11:14:10,535 - utils.image_utils - INFO - Successfully loaded high-quality image: logo/motogp_logo.png
2025-06-26 11:14:10,540 - ui.main_window - INFO - Loaded high-quality logo: logo/motogp_logo.png
2025-06-26 11:14:10,564 - services.api_client - INFO - Initialized ErgastAPIClient with base URL: http://api.jolpica.com/ergast/f1
2025-06-26 11:14:11,013 - __main__ - INFO - Main window created and shown
2025-06-26 11:14:11,014 - __main__ - INFO - Application ready - entering event loop
2025-06-26 11:14:11,429 - services.api_client - INFO - GET request to: http://api.jolpica.com/ergast/f1/current/driverStandings.json
2025-06-26 11:14:11,461 - services.api_client - ERROR - Request failed for http://api.jolpica.com/ergast/f1/current/driverStandings.json: HTTPConnectionPool(host='api.jolpica.com', port=80): Max retries exceeded with url: /ergast/f1/current/driverStandings.json (Caused by NameResolutionError("<urllib3.connection.HTTPConnection object at 0x000002317090A510>: Failed to resolve 'api.jolpica.com' ([Errno 11001] getaddrinfo failed)"))
2025-06-26 11:14:11,462 - services.api_client - WARNING - Attempt 1 failed: Error accessing http://api.jolpica.com/ergast/f1/current/driverStandings.json: HTTPConnectionPool(host='api.jolpica.com', port=80): Max retries exceeded with url: /ergast/f1/current/driverStandings.json (Caused by NameResolutionError("<urllib3.connection.HTTPConnection object at 0x000002317090A510>: Failed to resolve 'api.jolpica.com' ([Errno 11001] getaddrinfo failed)"))
2025-06-26 11:14:11,463 - services.api_client - WARNING - Switching to backup URL: https://api.jolpica.com/ergast/f1
2025-06-26 11:14:11,463 - services.api_client - INFO - Retrying with backup URL: https://api.jolpica.com/ergast/f1
2025-06-26 11:14:12,430 - services.api_client - INFO - GET request to: https://api.jolpica.com/ergast/f1/current/driverStandings.json
2025-06-26 11:14:12,430 - services.api_client - INFO - GET request to: https://api.jolpica.com/ergast/f1/2025.json
2025-06-26 11:14:12,432 - services.api_client - ERROR - Request failed for https://api.jolpica.com/ergast/f1/current/driverStandings.json: HTTPSConnectionPool(host='api.jolpica.com', port=443): Max retries exceeded with url: /ergast/f1/current/driverStandings.json (Caused by NameResolutionError("<urllib3.connection.HTTPSConnection object at 0x000002310FE596D0>: Failed to resolve 'api.jolpica.com' ([Errno 11001] getaddrinfo failed)"))
2025-06-26 11:14:12,432 - services.api_client - ERROR - Request failed for https://api.jolpica.com/ergast/f1/2025.json: HTTPSConnectionPool(host='api.jolpica.com', port=443): Max retries exceeded with url: /ergast/f1/2025.json (Caused by NameResolutionError("<urllib3.connection.HTTPSConnection object at 0x000002317090AA50>: Failed to resolve 'api.jolpica.com' ([Errno 11001] getaddrinfo failed)"))
2025-06-26 11:14:12,433 - services.api_client - WARNING - Attempt 2 failed: Error accessing https://api.jolpica.com/ergast/f1/current/driverStandings.json: HTTPSConnectionPool(host='api.jolpica.com', port=443): Max retries exceeded with url: /ergast/f1/current/driverStandings.json (Caused by NameResolutionError("<urllib3.connection.HTTPSConnection object at 0x000002310FE596D0>: Failed to resolve 'api.jolpica.com' ([Errno 11001] getaddrinfo failed)"))
2025-06-26 11:14:12,433 - services.api_client - WARNING - Attempt 1 failed: Error accessing https://api.jolpica.com/ergast/f1/2025.json: HTTPSConnectionPool(host='api.jolpica.com', port=443): Max retries exceeded with url: /ergast/f1/2025.json (Caused by NameResolutionError("<urllib3.connection.HTTPSConnection object at 0x000002317090AA50>: Failed to resolve 'api.jolpica.com' ([Errno 11001] getaddrinfo failed)"))
2025-06-26 11:14:12,434 - services.api_client - WARNING - Switching to backup URL: http://api.jolpica.com/ergast/f1
2025-06-26 11:14:12,434 - services.data_service - ERROR - Error getting race calendar: All API endpoints failed. Last error: Error accessing https://api.jolpica.com/ergast/f1/2025.json: HTTPSConnectionPool(host='api.jolpica.com', port=443): Max retries exceeded with url: /ergast/f1/2025.json (Caused by NameResolutionError("<urllib3.connection.HTTPSConnection object at 0x000002317090AA50>: Failed to resolve 'api.jolpica.com' ([Errno 11001] getaddrinfo failed)"))
2025-06-26 11:14:12,434 - services.api_client - INFO - Retrying with backup URL: http://api.jolpica.com/ergast/f1
2025-06-26 11:14:12,435 - services.data_service - ERROR - Connection error: All API endpoints failed. Last error: Error accessing https://api.jolpica.com/ergast/f1/2025.json: HTTPSConnectionPool(host='api.jolpica.com', port=443): Max retries exceeded with url: /ergast/f1/2025.json (Caused by NameResolutionError("<urllib3.connection.HTTPSConnection object at 0x000002317090AA50>: Failed to resolve 'api.jolpica.com' ([Errno 11001] getaddrinfo failed)"))
2025-06-26 11:14:13,430 - services.api_client - INFO - GET request to: http://api.jolpica.com/ergast/f1/current/driverStandings.json
2025-06-26 11:14:13,432 - services.api_client - ERROR - Request failed for http://api.jolpica.com/ergast/f1/current/driverStandings.json: HTTPConnectionPool(host='api.jolpica.com', port=80): Max retries exceeded with url: /ergast/f1/current/driverStandings.json (Caused by NameResolutionError("<urllib3.connection.HTTPConnection object at 0x000002310FE58F50>: Failed to resolve 'api.jolpica.com' ([Errno 11001] getaddrinfo failed)"))
2025-06-26 11:14:13,432 - services.api_client - WARNING - Attempt 3 failed: Error accessing http://api.jolpica.com/ergast/f1/current/driverStandings.json: HTTPConnectionPool(host='api.jolpica.com', port=80): Max retries exceeded with url: /ergast/f1/current/driverStandings.json (Caused by NameResolutionError("<urllib3.connection.HTTPConnection object at 0x000002310FE58F50>: Failed to resolve 'api.jolpica.com' ([Errno 11001] getaddrinfo failed)"))
2025-06-26 11:14:13,433 - services.data_service - ERROR - Error getting F1 standings: All API endpoints failed. Last error: Error accessing http://api.jolpica.com/ergast/f1/current/driverStandings.json: HTTPConnectionPool(host='api.jolpica.com', port=80): Max retries exceeded with url: /ergast/f1/current/driverStandings.json (Caused by NameResolutionError("<urllib3.connection.HTTPConnection object at 0x000002310FE58F50>: Failed to resolve 'api.jolpica.com' ([Errno 11001] getaddrinfo failed)"))
2025-06-26 11:14:13,433 - services.data_service - ERROR - Connection error: All API endpoints failed. Last error: Error accessing http://api.jolpica.com/ergast/f1/current/driverStandings.json: HTTPConnectionPool(host='api.jolpica.com', port=80): Max retries exceeded with url: /ergast/f1/current/driverStandings.json (Caused by NameResolutionError("<urllib3.connection.HTTPConnection object at 0x000002310FE58F50>: Failed to resolve 'api.jolpica.com' ([Errno 11001] getaddrinfo failed)"))
2025-06-26 11:14:29,766 - __main__ - INFO - Application exited with code: 0
2025-06-26 11:20:51,953 - __main__ - INFO - Logging system initialized
2025-06-26 11:20:51,954 - __main__ - INFO - Starting F1 & MotoGP Dashboard application
2025-06-26 11:20:51,955 - __main__ - INFO - Application directories created
2025-06-26 11:20:52,016 - __main__ - INFO - Qt application configured
2025-06-26 11:20:52,705 - utils.i18n - INFO - Loaded translations for: en
2025-06-26 11:20:52,706 - utils.i18n - INFO - Loaded translations for: es
2025-06-26 11:20:52,722 - utils.i18n - INFO - Language changed from en to en
2025-06-26 11:20:52,775 - utils.image_utils - INFO - Successfully loaded high-quality image: logo/f1_logo.png
2025-06-26 11:20:52,779 - ui.main_window - INFO - Loaded high-quality logo: logo/f1_logo.png
2025-06-26 11:20:52,820 - utils.image_utils - INFO - Successfully loaded high-quality image: logo/motogp_logo.png
2025-06-26 11:20:52,826 - ui.main_window - INFO - Loaded high-quality logo: logo/motogp_logo.png
2025-06-26 11:20:52,845 - services.api_client - INFO - Initialized ErgastAPIClient with endpoint: http://api.jolpi.ca/ergast/f1
2025-06-26 11:20:53,324 - __main__ - INFO - Main window created and shown
2025-06-26 11:20:53,326 - __main__ - INFO - Application ready - entering event loop
2025-06-26 11:20:53,827 - services.api_client - INFO - GET request to: http://api.jolpi.ca/ergast/f1/current/driverStandings.json
2025-06-26 11:20:54,827 - services.api_client - INFO - GET request to: http://api.jolpi.ca/ergast/f1/2025.json
2025-06-26 11:20:54,958 - services.api_client - INFO - Successful response from http://api.jolpi.ca/ergast/f1/current/driverStandings.json
2025-06-26 11:20:54,958 - services.data_service - INFO - Loaded 21 driver standings
2025-06-26 11:20:55,255 - services.api_client - INFO - Successful response from http://api.jolpi.ca/ergast/f1/2025.json
2025-06-26 11:20:55,828 - services.api_client - INFO - GET request to: http://api.jolpi.ca/ergast/f1/2025/1/results.json
2025-06-26 11:20:56,255 - services.api_client - INFO - Successful response from http://api.jolpi.ca/ergast/f1/2025/1/results.json
2025-06-26 11:20:56,828 - services.api_client - INFO - GET request to: http://api.jolpi.ca/ergast/f1/2025/2/results.json
2025-06-26 11:20:57,254 - services.api_client - INFO - Successful response from http://api.jolpi.ca/ergast/f1/2025/2/results.json
2025-06-26 11:20:57,829 - services.api_client - INFO - GET request to: http://api.jolpi.ca/ergast/f1/2025/3/results.json
2025-06-26 11:20:58,259 - services.api_client - INFO - Successful response from http://api.jolpi.ca/ergast/f1/2025/3/results.json
2025-06-26 11:20:58,830 - services.api_client - INFO - GET request to: http://api.jolpi.ca/ergast/f1/2025/4/results.json
2025-06-26 11:20:59,258 - services.api_client - INFO - Successful response from http://api.jolpi.ca/ergast/f1/2025/4/results.json
2025-06-26 11:20:59,830 - services.api_client - INFO - GET request to: http://api.jolpi.ca/ergast/f1/2025/5/results.json
2025-06-26 11:21:00,255 - services.api_client - INFO - Successful response from http://api.jolpi.ca/ergast/f1/2025/5/results.json
2025-06-26 11:21:00,831 - services.api_client - INFO - GET request to: http://api.jolpi.ca/ergast/f1/2025/6/results.json
2025-06-26 11:21:01,256 - services.api_client - INFO - Successful response from http://api.jolpi.ca/ergast/f1/2025/6/results.json
2025-06-26 11:21:01,832 - services.api_client - INFO - GET request to: http://api.jolpi.ca/ergast/f1/2025/7/results.json
2025-06-26 11:21:02,260 - services.api_client - INFO - Successful response from http://api.jolpi.ca/ergast/f1/2025/7/results.json
2025-06-26 11:21:02,832 - services.api_client - INFO - GET request to: http://api.jolpi.ca/ergast/f1/2025/8/results.json
2025-06-26 11:21:03,257 - services.api_client - INFO - Successful response from http://api.jolpi.ca/ergast/f1/2025/8/results.json
2025-06-26 11:21:03,833 - services.api_client - INFO - GET request to: http://api.jolpi.ca/ergast/f1/2025/9/results.json
2025-06-26 11:21:04,258 - services.api_client - INFO - Successful response from http://api.jolpi.ca/ergast/f1/2025/9/results.json
2025-06-26 11:21:04,833 - services.api_client - INFO - GET request to: http://api.jolpi.ca/ergast/f1/2025/10/results.json
2025-06-26 11:21:05,258 - services.api_client - INFO - Successful response from http://api.jolpi.ca/ergast/f1/2025/10/results.json
2025-06-26 11:21:05,834 - services.api_client - INFO - GET request to: http://api.jolpi.ca/ergast/f1/2025/11/results.json
2025-06-26 11:21:06,258 - services.api_client - INFO - Successful response from http://api.jolpi.ca/ergast/f1/2025/11/results.json
2025-06-26 11:21:06,835 - services.api_client - INFO - GET request to: http://api.jolpi.ca/ergast/f1/2025/12/results.json
2025-06-26 11:21:07,260 - services.api_client - INFO - Successful response from http://api.jolpi.ca/ergast/f1/2025/12/results.json
2025-06-26 11:21:07,835 - services.api_client - INFO - GET request to: http://api.jolpi.ca/ergast/f1/2025/13/results.json
2025-06-26 11:21:08,259 - services.api_client - INFO - Successful response from http://api.jolpi.ca/ergast/f1/2025/13/results.json
2025-06-26 11:21:08,836 - services.api_client - INFO - GET request to: http://api.jolpi.ca/ergast/f1/2025/14/results.json
2025-06-26 11:21:09,259 - services.api_client - INFO - Successful response from http://api.jolpi.ca/ergast/f1/2025/14/results.json
2025-06-26 11:21:09,836 - services.api_client - INFO - GET request to: http://api.jolpi.ca/ergast/f1/2025/15/results.json
2025-06-26 11:21:10,260 - services.api_client - INFO - Successful response from http://api.jolpi.ca/ergast/f1/2025/15/results.json
2025-06-26 11:21:10,837 - services.api_client - INFO - GET request to: http://api.jolpi.ca/ergast/f1/2025/16/results.json
2025-06-26 11:21:11,261 - services.api_client - INFO - Successful response from http://api.jolpi.ca/ergast/f1/2025/16/results.json
2025-06-26 11:21:11,838 - services.api_client - INFO - GET request to: http://api.jolpi.ca/ergast/f1/2025/17/results.json
2025-06-26 11:21:12,263 - services.api_client - INFO - Successful response from http://api.jolpi.ca/ergast/f1/2025/17/results.json
2025-06-26 11:21:12,838 - services.api_client - INFO - GET request to: http://api.jolpi.ca/ergast/f1/2025/18/results.json
2025-06-26 11:21:13,262 - services.api_client - INFO - Successful response from http://api.jolpi.ca/ergast/f1/2025/18/results.json
2025-06-26 11:21:13,839 - services.api_client - INFO - GET request to: http://api.jolpi.ca/ergast/f1/2025/19/results.json
2025-06-26 11:21:14,266 - services.api_client - INFO - Successful response from http://api.jolpi.ca/ergast/f1/2025/19/results.json
2025-06-26 11:21:14,840 - services.api_client - INFO - GET request to: http://api.jolpi.ca/ergast/f1/2025/20/results.json
2025-06-26 11:21:15,263 - services.api_client - INFO - Successful response from http://api.jolpi.ca/ergast/f1/2025/20/results.json
2025-06-26 11:21:15,840 - services.api_client - INFO - GET request to: http://api.jolpi.ca/ergast/f1/2025/21/results.json
2025-06-26 11:21:16,265 - services.api_client - INFO - Successful response from http://api.jolpi.ca/ergast/f1/2025/21/results.json
2025-06-26 11:21:16,841 - services.api_client - INFO - GET request to: http://api.jolpi.ca/ergast/f1/2025/22/results.json
2025-06-26 11:21:17,271 - services.api_client - INFO - Successful response from http://api.jolpi.ca/ergast/f1/2025/22/results.json
2025-06-26 11:21:17,842 - services.api_client - INFO - GET request to: http://api.jolpi.ca/ergast/f1/2025/23/results.json
2025-06-26 11:21:18,266 - services.api_client - INFO - Successful response from http://api.jolpi.ca/ergast/f1/2025/23/results.json
2025-06-26 11:21:18,842 - services.api_client - INFO - GET request to: http://api.jolpi.ca/ergast/f1/2025/24/results.json
2025-06-26 11:21:19,266 - services.api_client - INFO - Successful response from http://api.jolpi.ca/ergast/f1/2025/24/results.json
2025-06-26 11:21:19,267 - services.data_service - INFO - Loaded 24 races for 2025
2025-06-26 11:21:40,599 - __main__ - INFO - Application exited with code: 0
2025-06-26 11:42:43,637 - __main__ - INFO - Logging system initialized
2025-06-26 11:42:43,638 - __main__ - INFO - Starting F1 & MotoGP Dashboard application
2025-06-26 11:42:43,639 - __main__ - INFO - Application directories created
2025-06-26 11:42:43,690 - __main__ - INFO - Qt application configured
2025-06-26 11:42:44,332 - utils.i18n - INFO - Loaded translations for: en
2025-06-26 11:42:44,332 - utils.i18n - INFO - Loaded translations for: es
2025-06-26 11:42:44,358 - utils.i18n - INFO - Language changed from en to en
2025-06-26 11:42:44,418 - utils.image_utils - INFO - Successfully loaded high-quality image: logo/f1_logo.png
2025-06-26 11:42:44,421 - ui.main_window - INFO - Loaded high-quality logo: logo/f1_logo.png
2025-06-26 11:42:44,456 - utils.image_utils - INFO - Successfully loaded high-quality image: logo/motogp_logo.png
2025-06-26 11:42:44,459 - ui.main_window - INFO - Loaded high-quality logo: logo/motogp_logo.png
2025-06-26 11:42:44,473 - services.api_client - INFO - Initialized ErgastAPIClient with endpoint: http://api.jolpi.ca/ergast/f1
2025-06-26 11:42:44,954 - __main__ - INFO - Main window created and shown
2025-06-26 11:42:44,956 - __main__ - INFO - Application ready - entering event loop
2025-06-26 11:42:45,543 - services.api_client - INFO - GET request to: http://api.jolpi.ca/ergast/f1/current/driverStandings.json
2025-06-26 11:42:46,543 - services.api_client - INFO - GET request to: http://api.jolpi.ca/ergast/f1/2025.json
2025-06-26 11:42:46,659 - services.api_client - INFO - Successful response from http://api.jolpi.ca/ergast/f1/current/driverStandings.json
2025-06-26 11:42:46,660 - services.data_service - INFO - Loaded 21 driver standings
2025-06-26 11:42:46,973 - services.api_client - INFO - Successful response from http://api.jolpi.ca/ergast/f1/2025.json
2025-06-26 11:42:47,543 - services.api_client - INFO - GET request to: http://api.jolpi.ca/ergast/f1/2025/1/results.json
2025-06-26 11:42:47,975 - services.api_client - INFO - Successful response from http://api.jolpi.ca/ergast/f1/2025/1/results.json
2025-06-26 11:42:48,545 - services.api_client - INFO - GET request to: http://api.jolpi.ca/ergast/f1/2025/2/results.json
2025-06-26 11:42:48,974 - services.api_client - INFO - Successful response from http://api.jolpi.ca/ergast/f1/2025/2/results.json
2025-06-26 11:42:49,546 - services.api_client - INFO - GET request to: http://api.jolpi.ca/ergast/f1/2025/3/results.json
2025-06-26 11:42:49,974 - services.api_client - INFO - Successful response from http://api.jolpi.ca/ergast/f1/2025/3/results.json
2025-06-26 11:42:50,546 - services.api_client - INFO - GET request to: http://api.jolpi.ca/ergast/f1/2025/4/results.json
2025-06-26 11:42:50,976 - services.api_client - INFO - Successful response from http://api.jolpi.ca/ergast/f1/2025/4/results.json
2025-06-26 11:42:51,547 - services.api_client - INFO - GET request to: http://api.jolpi.ca/ergast/f1/2025/5/results.json
2025-06-26 11:42:51,976 - services.api_client - INFO - Successful response from http://api.jolpi.ca/ergast/f1/2025/5/results.json
2025-06-26 11:42:52,548 - services.api_client - INFO - GET request to: http://api.jolpi.ca/ergast/f1/2025/6/results.json
2025-06-26 11:42:52,978 - services.api_client - INFO - Successful response from http://api.jolpi.ca/ergast/f1/2025/6/results.json
2025-06-26 11:42:53,549 - services.api_client - INFO - GET request to: http://api.jolpi.ca/ergast/f1/2025/7/results.json
2025-06-26 11:42:53,981 - services.api_client - INFO - Successful response from http://api.jolpi.ca/ergast/f1/2025/7/results.json
2025-06-26 11:42:54,550 - services.api_client - INFO - GET request to: http://api.jolpi.ca/ergast/f1/2025/8/results.json
2025-06-26 11:42:54,979 - services.api_client - INFO - Successful response from http://api.jolpi.ca/ergast/f1/2025/8/results.json
2025-06-26 11:42:55,550 - services.api_client - INFO - GET request to: http://api.jolpi.ca/ergast/f1/2025/9/results.json
2025-06-26 11:42:55,979 - services.api_client - INFO - Successful response from http://api.jolpi.ca/ergast/f1/2025/9/results.json
2025-06-26 11:42:56,551 - services.api_client - INFO - GET request to: http://api.jolpi.ca/ergast/f1/2025/10/results.json
2025-06-26 11:42:56,981 - services.api_client - INFO - Successful response from http://api.jolpi.ca/ergast/f1/2025/10/results.json
2025-06-26 11:42:57,551 - services.api_client - INFO - GET request to: http://api.jolpi.ca/ergast/f1/2025/11/results.json
2025-06-26 11:42:57,981 - services.api_client - INFO - Successful response from http://api.jolpi.ca/ergast/f1/2025/11/results.json
2025-06-26 11:42:58,552 - services.api_client - INFO - GET request to: http://api.jolpi.ca/ergast/f1/2025/12/results.json
2025-06-26 11:42:58,983 - services.api_client - INFO - Successful response from http://api.jolpi.ca/ergast/f1/2025/12/results.json
2025-06-26 11:42:59,553 - services.api_client - INFO - GET request to: http://api.jolpi.ca/ergast/f1/2025/13/results.json
2025-06-26 11:42:59,983 - services.api_client - INFO - Successful response from http://api.jolpi.ca/ergast/f1/2025/13/results.json
2025-06-26 11:43:00,554 - services.api_client - INFO - GET request to: http://api.jolpi.ca/ergast/f1/2025/14/results.json
2025-06-26 11:43:00,980 - services.api_client - INFO - Successful response from http://api.jolpi.ca/ergast/f1/2025/14/results.json
2025-06-26 11:43:01,554 - services.api_client - INFO - GET request to: http://api.jolpi.ca/ergast/f1/2025/15/results.json
2025-06-26 11:43:01,981 - services.api_client - INFO - Successful response from http://api.jolpi.ca/ergast/f1/2025/15/results.json
2025-06-26 11:43:02,555 - services.api_client - INFO - GET request to: http://api.jolpi.ca/ergast/f1/2025/16/results.json
2025-06-26 11:43:02,986 - services.api_client - INFO - Successful response from http://api.jolpi.ca/ergast/f1/2025/16/results.json
2025-06-26 11:43:03,555 - services.api_client - INFO - GET request to: http://api.jolpi.ca/ergast/f1/2025/17/results.json
2025-06-26 11:43:03,986 - services.api_client - INFO - Successful response from http://api.jolpi.ca/ergast/f1/2025/17/results.json
2025-06-26 11:43:04,555 - services.api_client - INFO - GET request to: http://api.jolpi.ca/ergast/f1/2025/18/results.json
2025-06-26 11:43:04,986 - services.api_client - INFO - Successful response from http://api.jolpi.ca/ergast/f1/2025/18/results.json
2025-06-26 11:43:05,555 - services.api_client - INFO - GET request to: http://api.jolpi.ca/ergast/f1/2025/19/results.json
2025-06-26 11:43:05,985 - services.api_client - INFO - Successful response from http://api.jolpi.ca/ergast/f1/2025/19/results.json
2025-06-26 11:43:06,556 - services.api_client - INFO - GET request to: http://api.jolpi.ca/ergast/f1/2025/20/results.json
2025-06-26 11:43:06,986 - services.api_client - INFO - Successful response from http://api.jolpi.ca/ergast/f1/2025/20/results.json
2025-06-26 11:43:07,557 - services.api_client - INFO - GET request to: http://api.jolpi.ca/ergast/f1/2025/21/results.json
2025-06-26 11:43:07,984 - services.api_client - INFO - Successful response from http://api.jolpi.ca/ergast/f1/2025/21/results.json
2025-06-26 11:43:08,559 - services.api_client - INFO - GET request to: http://api.jolpi.ca/ergast/f1/2025/22/results.json
2025-06-26 11:43:08,987 - services.api_client - INFO - Successful response from http://api.jolpi.ca/ergast/f1/2025/22/results.json
2025-06-26 11:43:09,559 - services.api_client - INFO - GET request to: http://api.jolpi.ca/ergast/f1/2025/23/results.json
2025-06-26 11:43:09,989 - services.api_client - INFO - Successful response from http://api.jolpi.ca/ergast/f1/2025/23/results.json
2025-06-26 11:43:10,560 - services.api_client - INFO - GET request to: http://api.jolpi.ca/ergast/f1/2025/24/results.json
2025-06-26 11:43:10,993 - services.api_client - INFO - Successful response from http://api.jolpi.ca/ergast/f1/2025/24/results.json
2025-06-26 11:43:10,993 - services.data_service - INFO - Loaded 24 races for 2025
2025-06-26 11:45:02,166 - __main__ - INFO - Application exited with code: 0
2025-06-26 11:45:05,093 - __main__ - INFO - Logging system initialized
2025-06-26 11:45:05,093 - __main__ - INFO - Starting F1 & MotoGP Dashboard application
2025-06-26 11:45:05,095 - __main__ - INFO - Application directories created
2025-06-26 11:45:05,151 - __main__ - INFO - Qt application configured
2025-06-26 11:45:05,858 - utils.i18n - INFO - Loaded translations for: en
2025-06-26 11:45:05,858 - utils.i18n - INFO - Loaded translations for: es
2025-06-26 11:45:05,886 - utils.i18n - INFO - Language changed from en to en
2025-06-26 11:45:05,962 - utils.image_utils - INFO - Successfully loaded high-quality image: logo/f1_logo.png
2025-06-26 11:45:05,968 - ui.main_window - INFO - Loaded high-quality logo: logo/f1_logo.png
2025-06-26 11:45:06,018 - utils.image_utils - INFO - Successfully loaded high-quality image: logo/motogp_logo.png
2025-06-26 11:45:06,023 - ui.main_window - INFO - Loaded high-quality logo: logo/motogp_logo.png
2025-06-26 11:45:06,045 - services.api_client - INFO - Initialized ErgastAPIClient with endpoint: http://api.jolpi.ca/ergast/f1
2025-06-26 11:45:06,574 - __main__ - INFO - Main window created and shown
2025-06-26 11:45:06,575 - __main__ - INFO - Application ready - entering event loop
2025-06-26 11:45:06,630 - services.api_client - INFO - GET request to: http://api.jolpi.ca/ergast/f1/current/driverStandings.json
2025-06-26 11:45:07,630 - services.api_client - INFO - GET request to: http://api.jolpi.ca/ergast/f1/2025.json
2025-06-26 11:45:08,777 - services.api_client - INFO - Successful response from http://api.jolpi.ca/ergast/f1/2025.json
2025-06-26 11:45:08,777 - services.api_client - INFO - GET request to: http://api.jolpi.ca/ergast/f1/2025/1/results.json
2025-06-26 11:45:08,791 - services.api_client - INFO - Successful response from http://api.jolpi.ca/ergast/f1/current/driverStandings.json
2025-06-26 11:45:08,791 - services.data_service - INFO - Loaded 21 driver standings
2025-06-26 11:45:09,208 - services.api_client - INFO - Successful response from http://api.jolpi.ca/ergast/f1/2025/1/results.json
2025-06-26 11:45:09,777 - services.api_client - INFO - GET request to: http://api.jolpi.ca/ergast/f1/2025/2/results.json
2025-06-26 11:45:10,207 - services.api_client - INFO - Successful response from http://api.jolpi.ca/ergast/f1/2025/2/results.json
2025-06-26 11:45:10,778 - services.api_client - INFO - GET request to: http://api.jolpi.ca/ergast/f1/2025/3/results.json
2025-06-26 11:45:11,226 - services.api_client - INFO - Successful response from http://api.jolpi.ca/ergast/f1/2025/3/results.json
2025-06-26 11:45:11,778 - services.api_client - INFO - GET request to: http://api.jolpi.ca/ergast/f1/2025/4/results.json
2025-06-26 11:45:12,206 - services.api_client - INFO - Successful response from http://api.jolpi.ca/ergast/f1/2025/4/results.json
2025-06-26 11:45:12,779 - services.api_client - INFO - GET request to: http://api.jolpi.ca/ergast/f1/2025/5/results.json
2025-06-26 11:45:13,208 - services.api_client - INFO - Successful response from http://api.jolpi.ca/ergast/f1/2025/5/results.json
2025-06-26 11:45:13,779 - services.api_client - INFO - GET request to: http://api.jolpi.ca/ergast/f1/2025/6/results.json
2025-06-26 11:45:14,209 - services.api_client - INFO - Successful response from http://api.jolpi.ca/ergast/f1/2025/6/results.json
2025-06-26 11:45:14,780 - services.api_client - INFO - GET request to: http://api.jolpi.ca/ergast/f1/2025/7/results.json
2025-06-26 11:45:15,209 - services.api_client - INFO - Successful response from http://api.jolpi.ca/ergast/f1/2025/7/results.json
2025-06-26 11:45:15,780 - services.api_client - INFO - GET request to: http://api.jolpi.ca/ergast/f1/2025/8/results.json
2025-06-26 11:45:16,213 - services.api_client - INFO - Successful response from http://api.jolpi.ca/ergast/f1/2025/8/results.json
2025-06-26 11:45:16,781 - services.api_client - INFO - GET request to: http://api.jolpi.ca/ergast/f1/2025/9/results.json
2025-06-26 11:45:17,213 - services.api_client - INFO - Successful response from http://api.jolpi.ca/ergast/f1/2025/9/results.json
2025-06-26 11:45:17,756 - __main__ - INFO - Application exited with code: 0
2025-06-26 11:45:17,782 - services.api_client - INFO - GET request to: http://api.jolpi.ca/ergast/f1/2025/10/results.json
2025-06-26 11:45:30,142 - __main__ - INFO - Logging system initialized
2025-06-26 11:45:30,143 - __main__ - INFO - Starting F1 & MotoGP Dashboard application
2025-06-26 11:45:30,144 - __main__ - INFO - Application directories created
2025-06-26 11:45:30,206 - __main__ - INFO - Qt application configured
2025-06-26 11:45:30,927 - utils.i18n - INFO - Loaded translations for: en
2025-06-26 11:45:30,928 - utils.i18n - INFO - Loaded translations for: es
2025-06-26 11:45:30,953 - utils.i18n - INFO - Language changed from en to en
2025-06-26 11:45:31,024 - utils.image_utils - INFO - Successfully loaded high-quality image: logo/f1_logo.png
2025-06-26 11:45:31,029 - ui.main_window - INFO - Loaded high-quality logo: logo/f1_logo.png
2025-06-26 11:45:31,078 - utils.image_utils - INFO - Successfully loaded high-quality image: logo/motogp_logo.png
2025-06-26 11:45:31,083 - ui.main_window - INFO - Loaded high-quality logo: logo/motogp_logo.png
2025-06-26 11:45:31,104 - services.api_client - INFO - Initialized ErgastAPIClient with endpoint: http://api.jolpi.ca/ergast/f1
2025-06-26 11:45:31,597 - __main__ - INFO - Main window created and shown
2025-06-26 11:45:31,597 - __main__ - INFO - Application ready - entering event loop
2025-06-26 11:45:32,199 - services.api_client - INFO - GET request to: http://api.jolpi.ca/ergast/f1/current/driverStandings.json
2025-06-26 11:45:33,200 - services.api_client - INFO - GET request to: http://api.jolpi.ca/ergast/f1/2025.json
2025-06-26 11:45:33,309 - services.api_client - INFO - Successful response from http://api.jolpi.ca/ergast/f1/current/driverStandings.json
2025-06-26 11:45:33,310 - services.data_service - INFO - Loaded 21 driver standings
2025-06-26 11:45:33,626 - services.api_client - INFO - Successful response from http://api.jolpi.ca/ergast/f1/2025.json
2025-06-26 11:45:34,200 - services.api_client - INFO - GET request to: http://api.jolpi.ca/ergast/f1/2025/1/results.json
2025-06-26 11:45:34,626 - services.api_client - INFO - Successful response from http://api.jolpi.ca/ergast/f1/2025/1/results.json
2025-06-26 11:45:35,201 - services.api_client - INFO - GET request to: http://api.jolpi.ca/ergast/f1/2025/2/results.json
2025-06-26 11:45:35,627 - services.api_client - INFO - Successful response from http://api.jolpi.ca/ergast/f1/2025/2/results.json
2025-06-26 11:45:36,202 - services.api_client - INFO - GET request to: http://api.jolpi.ca/ergast/f1/2025/3/results.json
2025-06-26 11:45:36,559 - __main__ - INFO - Application exited with code: 0
2025-06-26 11:45:36,630 - services.api_client - INFO - Successful response from http://api.jolpi.ca/ergast/f1/2025/3/results.json
2025-06-26 11:45:49,984 - __main__ - INFO - Logging system initialized
2025-06-26 11:45:49,984 - __main__ - INFO - Starting F1 & MotoGP Dashboard application
2025-06-26 11:45:49,985 - __main__ - INFO - Application directories created
2025-06-26 11:45:50,047 - __main__ - INFO - Qt application configured
2025-06-26 11:45:50,853 - utils.i18n - INFO - Loaded translations for: en
2025-06-26 11:45:50,854 - utils.i18n - INFO - Loaded translations for: es
2025-06-26 11:45:50,876 - utils.i18n - INFO - Language changed from en to en
2025-06-26 11:45:50,945 - utils.image_utils - INFO - Successfully loaded high-quality image: logo/f1_logo.png
2025-06-26 11:45:50,949 - ui.main_window - INFO - Loaded high-quality logo: logo/f1_logo.png
2025-06-26 11:45:50,988 - utils.image_utils - INFO - Successfully loaded high-quality image: logo/motogp_logo.png
2025-06-26 11:45:50,993 - ui.main_window - INFO - Loaded high-quality logo: logo/motogp_logo.png
2025-06-26 11:45:51,010 - services.api_client - INFO - Initialized ErgastAPIClient with endpoint: http://api.jolpi.ca/ergast/f1
2025-06-26 11:45:51,474 - __main__ - INFO - Main window created and shown
2025-06-26 11:45:51,477 - __main__ - INFO - Application ready - entering event loop
2025-06-26 11:45:52,014 - services.api_client - INFO - GET request to: http://api.jolpi.ca/ergast/f1/current/driverStandings.json
2025-06-26 11:45:53,014 - services.api_client - INFO - GET request to: http://api.jolpi.ca/ergast/f1/2025.json
2025-06-26 11:45:53,136 - services.api_client - INFO - Successful response from http://api.jolpi.ca/ergast/f1/current/driverStandings.json
2025-06-26 11:45:53,137 - services.data_service - INFO - Loaded 21 driver standings
2025-06-26 11:45:53,441 - services.api_client - INFO - Successful response from http://api.jolpi.ca/ergast/f1/2025.json
2025-06-26 11:45:54,015 - services.api_client - INFO - GET request to: http://api.jolpi.ca/ergast/f1/2025/1/results.json
2025-06-26 11:45:54,441 - services.api_client - INFO - Successful response from http://api.jolpi.ca/ergast/f1/2025/1/results.json
2025-06-26 11:45:55,016 - services.api_client - INFO - GET request to: http://api.jolpi.ca/ergast/f1/2025/2/results.json
2025-06-26 11:45:55,444 - services.api_client - INFO - Successful response from http://api.jolpi.ca/ergast/f1/2025/2/results.json
2025-06-26 11:45:55,722 - __main__ - INFO - Application exited with code: 0
2025-06-26 11:46:22,786 - __main__ - INFO - Logging system initialized
2025-06-26 11:46:22,787 - __main__ - INFO - Starting F1 & MotoGP Dashboard application
2025-06-26 11:46:22,788 - __main__ - INFO - Application directories created
2025-06-26 11:46:22,843 - __main__ - INFO - Qt application configured
2025-06-26 11:46:23,600 - utils.i18n - INFO - Loaded translations for: en
2025-06-26 11:46:23,601 - utils.i18n - INFO - Loaded translations for: es
2025-06-26 11:46:23,628 - utils.i18n - INFO - Language changed from en to en
2025-06-26 11:46:23,689 - utils.image_utils - INFO - Successfully loaded high-quality image: logo/f1_logo.png
2025-06-26 11:46:23,693 - ui.main_window - INFO - Loaded high-quality logo: logo/f1_logo.png
2025-06-26 11:46:23,738 - utils.image_utils - INFO - Successfully loaded high-quality image: logo/motogp_logo.png
2025-06-26 11:46:23,741 - ui.main_window - INFO - Loaded high-quality logo: logo/motogp_logo.png
2025-06-26 11:46:23,760 - services.api_client - INFO - Initialized ErgastAPIClient with endpoint: http://api.jolpi.ca/ergast/f1
2025-06-26 11:46:24,259 - __main__ - INFO - Main window created and shown
2025-06-26 11:46:24,260 - __main__ - INFO - Application ready - entering event loop
2025-06-26 11:46:25,006 - services.api_client - INFO - GET request to: http://api.jolpi.ca/ergast/f1/current/driverStandings.json
2025-06-26 11:46:26,007 - services.api_client - INFO - GET request to: http://api.jolpi.ca/ergast/f1/2025.json
2025-06-26 11:46:26,117 - services.api_client - INFO - Successful response from http://api.jolpi.ca/ergast/f1/current/driverStandings.json
2025-06-26 11:46:26,118 - services.data_service - INFO - Loaded 21 driver standings
2025-06-26 11:46:26,435 - services.api_client - INFO - Successful response from http://api.jolpi.ca/ergast/f1/2025.json
2025-06-26 11:46:27,008 - services.api_client - INFO - GET request to: http://api.jolpi.ca/ergast/f1/2025/1/results.json
2025-06-26 11:46:27,404 - __main__ - INFO - Application exited with code: 0
2025-06-26 11:46:27,435 - services.api_client - INFO - Successful response from http://api.jolpi.ca/ergast/f1/2025/1/results.json
2025-06-26 11:46:45,741 - __main__ - INFO - Logging system initialized
2025-06-26 11:46:45,742 - __main__ - INFO - Starting F1 & MotoGP Dashboard application
2025-06-26 11:46:45,742 - __main__ - INFO - Application directories created
2025-06-26 11:46:45,790 - __main__ - INFO - Qt application configured
2025-06-26 11:46:46,581 - utils.i18n - INFO - Loaded translations for: en
2025-06-26 11:46:46,582 - utils.i18n - INFO - Loaded translations for: es
2025-06-26 11:46:46,608 - utils.i18n - INFO - Language changed from en to en
2025-06-26 11:46:46,669 - utils.image_utils - INFO - Successfully loaded high-quality image: logo/f1_logo.png
2025-06-26 11:46:46,673 - ui.main_window - INFO - Loaded high-quality logo: logo/f1_logo.png
2025-06-26 11:46:46,714 - utils.image_utils - INFO - Successfully loaded high-quality image: logo/motogp_logo.png
2025-06-26 11:46:46,720 - ui.main_window - INFO - Loaded high-quality logo: logo/motogp_logo.png
2025-06-26 11:46:46,737 - services.api_client - INFO - Initialized ErgastAPIClient with endpoint: http://api.jolpi.ca/ergast/f1
2025-06-26 11:46:47,182 - __main__ - INFO - Main window created and shown
2025-06-26 11:46:47,184 - __main__ - INFO - Application ready - entering event loop
2025-06-26 11:46:47,840 - services.api_client - INFO - GET request to: http://api.jolpi.ca/ergast/f1/current/driverStandings.json
2025-06-26 11:46:48,840 - services.api_client - INFO - GET request to: http://api.jolpi.ca/ergast/f1/2025.json
2025-06-26 11:46:48,952 - services.api_client - INFO - Successful response from http://api.jolpi.ca/ergast/f1/current/driverStandings.json
2025-06-26 11:46:48,953 - services.data_service - INFO - Loaded 21 driver standings
2025-06-26 11:46:49,267 - services.api_client - INFO - Successful response from http://api.jolpi.ca/ergast/f1/2025.json
2025-06-26 11:46:49,840 - services.api_client - INFO - GET request to: http://api.jolpi.ca/ergast/f1/2025/1/results.json
2025-06-26 11:46:50,268 - services.api_client - INFO - Successful response from http://api.jolpi.ca/ergast/f1/2025/1/results.json
2025-06-26 11:46:50,841 - services.api_client - INFO - GET request to: http://api.jolpi.ca/ergast/f1/2025/2/results.json
2025-06-26 11:46:51,270 - services.api_client - INFO - Successful response from http://api.jolpi.ca/ergast/f1/2025/2/results.json
2025-06-26 11:46:51,841 - services.api_client - INFO - GET request to: http://api.jolpi.ca/ergast/f1/2025/3/results.json
2025-06-26 11:46:52,162 - __main__ - INFO - Application exited with code: 0
2025-06-26 11:46:52,271 - services.api_client - INFO - Successful response from http://api.jolpi.ca/ergast/f1/2025/3/results.json
2025-06-26 11:47:06,625 - __main__ - INFO - Logging system initialized
2025-06-26 11:47:06,625 - __main__ - INFO - Starting F1 & MotoGP Dashboard application
2025-06-26 11:47:06,626 - __main__ - INFO - Application directories created
2025-06-26 11:47:06,688 - __main__ - INFO - Qt application configured
2025-06-26 11:47:07,477 - utils.i18n - INFO - Loaded translations for: en
2025-06-26 11:47:07,478 - utils.i18n - INFO - Loaded translations for: es
2025-06-26 11:47:07,507 - utils.i18n - INFO - Language changed from en to en
2025-06-26 11:47:07,580 - utils.image_utils - INFO - Successfully loaded high-quality image: logo/f1_logo.png
2025-06-26 11:47:07,588 - ui.main_window - INFO - Loaded high-quality logo: logo/f1_logo.png
2025-06-26 11:47:07,635 - utils.image_utils - INFO - Successfully loaded high-quality image: logo/motogp_logo.png
2025-06-26 11:47:07,640 - ui.main_window - INFO - Loaded high-quality logo: logo/motogp_logo.png
2025-06-26 11:47:07,658 - services.api_client - INFO - Initialized ErgastAPIClient with endpoint: http://api.jolpi.ca/ergast/f1
2025-06-26 11:47:08,150 - __main__ - INFO - Main window created and shown
2025-06-26 11:47:08,152 - __main__ - INFO - Application ready - entering event loop
2025-06-26 11:47:08,541 - services.api_client - INFO - GET request to: http://api.jolpi.ca/ergast/f1/current/driverStandings.json
2025-06-26 11:47:09,541 - services.api_client - INFO - GET request to: http://api.jolpi.ca/ergast/f1/2025.json
2025-06-26 11:47:09,658 - services.api_client - INFO - Successful response from http://api.jolpi.ca/ergast/f1/current/driverStandings.json
2025-06-26 11:47:09,659 - services.data_service - INFO - Loaded 21 driver standings
2025-06-26 11:47:09,971 - services.api_client - INFO - Successful response from http://api.jolpi.ca/ergast/f1/2025.json
2025-06-26 11:47:10,541 - services.api_client - INFO - GET request to: http://api.jolpi.ca/ergast/f1/2025/1/results.json
2025-06-26 11:47:10,969 - services.api_client - INFO - Successful response from http://api.jolpi.ca/ergast/f1/2025/1/results.json
2025-06-26 11:47:11,542 - services.api_client - INFO - GET request to: http://api.jolpi.ca/ergast/f1/2025/2/results.json
2025-06-26 11:47:11,968 - services.api_client - INFO - Successful response from http://api.jolpi.ca/ergast/f1/2025/2/results.json
2025-06-26 11:47:12,542 - services.api_client - INFO - GET request to: http://api.jolpi.ca/ergast/f1/2025/3/results.json
2025-06-26 11:47:12,973 - services.api_client - INFO - Successful response from http://api.jolpi.ca/ergast/f1/2025/3/results.json
2025-06-26 11:47:13,542 - services.api_client - INFO - GET request to: http://api.jolpi.ca/ergast/f1/2025/4/results.json
2025-06-26 11:47:13,974 - services.api_client - INFO - Successful response from http://api.jolpi.ca/ergast/f1/2025/4/results.json
2025-06-26 11:47:14,543 - services.api_client - INFO - GET request to: http://api.jolpi.ca/ergast/f1/2025/5/results.json
2025-06-26 11:47:14,969 - services.api_client - INFO - Successful response from http://api.jolpi.ca/ergast/f1/2025/5/results.json
2025-06-26 11:47:15,544 - services.api_client - INFO - GET request to: http://api.jolpi.ca/ergast/f1/2025/6/results.json
2025-06-26 11:47:15,969 - services.api_client - INFO - Successful response from http://api.jolpi.ca/ergast/f1/2025/6/results.json
2025-06-26 11:47:16,544 - services.api_client - INFO - GET request to: http://api.jolpi.ca/ergast/f1/2025/7/results.json
2025-06-26 11:47:16,972 - services.api_client - INFO - Successful response from http://api.jolpi.ca/ergast/f1/2025/7/results.json
2025-06-26 11:47:17,545 - services.api_client - INFO - GET request to: http://api.jolpi.ca/ergast/f1/2025/8/results.json
2025-06-26 11:47:17,970 - services.api_client - INFO - Successful response from http://api.jolpi.ca/ergast/f1/2025/8/results.json
2025-06-26 11:47:18,545 - services.api_client - INFO - GET request to: http://api.jolpi.ca/ergast/f1/2025/9/results.json
2025-06-26 11:47:18,675 - __main__ - INFO - Application exited with code: 0
2025-06-26 11:47:18,984 - services.api_client - INFO - Successful response from http://api.jolpi.ca/ergast/f1/2025/9/results.json
2025-06-26 11:47:39,438 - __main__ - INFO - Logging system initialized
2025-06-26 11:47:39,438 - __main__ - INFO - Starting F1 & MotoGP Dashboard application
2025-06-26 11:47:39,439 - __main__ - INFO - Application directories created
2025-06-26 11:47:39,502 - __main__ - INFO - Qt application configured
2025-06-26 11:47:40,183 - utils.i18n - INFO - Loaded translations for: en
2025-06-26 11:47:40,184 - utils.i18n - INFO - Loaded translations for: es
2025-06-26 11:47:40,203 - utils.i18n - INFO - Language changed from en to en
2025-06-26 11:47:40,261 - utils.image_utils - INFO - Successfully loaded high-quality image: logo/f1_logo.png
2025-06-26 11:47:40,266 - ui.main_window - INFO - Loaded high-quality logo: logo/f1_logo.png
2025-06-26 11:47:40,315 - utils.image_utils - INFO - Successfully loaded high-quality image: logo/motogp_logo.png
2025-06-26 11:47:40,318 - ui.main_window - INFO - Loaded high-quality logo: logo/motogp_logo.png
2025-06-26 11:47:40,346 - services.api_client - INFO - Initialized ErgastAPIClient with endpoint: http://api.jolpi.ca/ergast/f1
2025-06-26 11:47:40,826 - __main__ - INFO - Main window created and shown
2025-06-26 11:47:40,826 - __main__ - INFO - Application ready - entering event loop
2025-06-26 11:47:41,466 - services.api_client - INFO - GET request to: http://api.jolpi.ca/ergast/f1/current/driverStandings.json
2025-06-26 11:47:42,467 - services.api_client - INFO - GET request to: http://api.jolpi.ca/ergast/f1/2025.json
2025-06-26 11:47:42,581 - services.api_client - INFO - Successful response from http://api.jolpi.ca/ergast/f1/current/driverStandings.json
2025-06-26 11:47:42,582 - services.data_service - INFO - Loaded 21 driver standings
2025-06-26 11:47:42,897 - services.api_client - INFO - Successful response from http://api.jolpi.ca/ergast/f1/2025.json
2025-06-26 11:47:43,467 - services.api_client - INFO - GET request to: http://api.jolpi.ca/ergast/f1/2025/1/results.json
2025-06-26 11:47:43,896 - services.api_client - INFO - Successful response from http://api.jolpi.ca/ergast/f1/2025/1/results.json
2025-06-26 11:47:44,467 - services.api_client - INFO - GET request to: http://api.jolpi.ca/ergast/f1/2025/2/results.json
2025-06-26 11:47:44,897 - services.api_client - INFO - Successful response from http://api.jolpi.ca/ergast/f1/2025/2/results.json
2025-06-26 11:47:45,467 - services.api_client - INFO - GET request to: http://api.jolpi.ca/ergast/f1/2025/3/results.json
2025-06-26 11:47:45,899 - services.api_client - INFO - Successful response from http://api.jolpi.ca/ergast/f1/2025/3/results.json
2025-06-26 11:47:46,468 - services.api_client - INFO - GET request to: http://api.jolpi.ca/ergast/f1/2025/4/results.json
2025-06-26 11:47:46,905 - services.api_client - INFO - Successful response from http://api.jolpi.ca/ergast/f1/2025/4/results.json
2025-06-26 11:47:47,469 - services.api_client - INFO - GET request to: http://api.jolpi.ca/ergast/f1/2025/5/results.json
2025-06-26 11:47:47,895 - services.api_client - INFO - Successful response from http://api.jolpi.ca/ergast/f1/2025/5/results.json
2025-06-26 11:47:48,470 - services.api_client - INFO - GET request to: http://api.jolpi.ca/ergast/f1/2025/6/results.json
2025-06-26 11:47:48,898 - services.api_client - INFO - Successful response from http://api.jolpi.ca/ergast/f1/2025/6/results.json
2025-06-26 11:47:49,470 - services.api_client - INFO - GET request to: http://api.jolpi.ca/ergast/f1/2025/7/results.json
2025-06-26 11:47:49,897 - services.api_client - INFO - Successful response from http://api.jolpi.ca/ergast/f1/2025/7/results.json
2025-06-26 11:47:50,471 - services.api_client - INFO - GET request to: http://api.jolpi.ca/ergast/f1/2025/8/results.json
2025-06-26 11:47:50,710 - __main__ - INFO - Application exited with code: 0
2025-06-26 11:47:50,906 - services.api_client - INFO - Successful response from http://api.jolpi.ca/ergast/f1/2025/8/results.json
2025-06-26 11:48:10,111 - __main__ - INFO - Logging system initialized
2025-06-26 11:48:10,112 - __main__ - INFO - Starting F1 & MotoGP Dashboard application
2025-06-26 11:48:10,113 - __main__ - INFO - Application directories created
2025-06-26 11:48:10,167 - __main__ - INFO - Qt application configured
2025-06-26 11:48:10,909 - utils.i18n - INFO - Loaded translations for: en
2025-06-26 11:48:10,911 - utils.i18n - INFO - Loaded translations for: es
2025-06-26 11:48:10,951 - utils.i18n - INFO - Language changed from en to en
2025-06-26 11:48:11,053 - utils.image_utils - INFO - Successfully loaded high-quality image: logo/f1_logo.png
2025-06-26 11:48:11,057 - ui.main_window - INFO - Loaded high-quality logo: logo/f1_logo.png
2025-06-26 11:48:11,097 - utils.image_utils - INFO - Successfully loaded high-quality image: logo/motogp_logo.png
2025-06-26 11:48:11,100 - ui.main_window - INFO - Loaded high-quality logo: logo/motogp_logo.png
2025-06-26 11:48:11,114 - services.api_client - INFO - Initialized ErgastAPIClient with endpoint: http://api.jolpi.ca/ergast/f1
2025-06-26 11:48:11,578 - __main__ - INFO - Main window created and shown
2025-06-26 11:48:11,578 - __main__ - INFO - Application ready - entering event loop
2025-06-26 11:48:12,153 - services.api_client - INFO - GET request to: http://api.jolpi.ca/ergast/f1/current/driverStandings.json
2025-06-26 11:48:13,153 - services.api_client - INFO - GET request to: http://api.jolpi.ca/ergast/f1/2025.json
2025-06-26 11:48:13,257 - services.api_client - INFO - Successful response from http://api.jolpi.ca/ergast/f1/current/driverStandings.json
2025-06-26 11:48:13,258 - services.data_service - INFO - Loaded 21 driver standings
2025-06-26 11:48:13,578 - services.api_client - INFO - Successful response from http://api.jolpi.ca/ergast/f1/2025.json
2025-06-26 11:48:14,154 - services.api_client - INFO - GET request to: http://api.jolpi.ca/ergast/f1/2025/1/results.json
2025-06-26 11:48:14,581 - services.api_client - INFO - Successful response from http://api.jolpi.ca/ergast/f1/2025/1/results.json
2025-06-26 11:48:15,154 - services.api_client - INFO - GET request to: http://api.jolpi.ca/ergast/f1/2025/2/results.json
2025-06-26 11:48:15,578 - services.api_client - INFO - Successful response from http://api.jolpi.ca/ergast/f1/2025/2/results.json
2025-06-26 11:48:15,848 - __main__ - INFO - Application exited with code: 0
2025-06-26 11:48:16,155 - services.api_client - INFO - GET request to: http://api.jolpi.ca/ergast/f1/2025/3/results.json
2025-06-26 11:52:26,223 - __main__ - INFO - Logging system initialized
2025-06-26 11:52:26,223 - __main__ - INFO - Starting F1 & MotoGP Dashboard application
2025-06-26 11:52:26,225 - __main__ - INFO - Application directories created
2025-06-26 11:52:26,284 - __main__ - INFO - Qt application configured
2025-06-26 11:52:27,033 - utils.i18n - INFO - Loaded translations for: en
2025-06-26 11:52:27,034 - utils.i18n - INFO - Loaded translations for: es
2025-06-26 11:52:27,064 - utils.i18n - INFO - Language changed from en to en
2025-06-26 11:52:27,147 - utils.image_utils - INFO - Successfully loaded high-quality image: logo/f1_logo.png
2025-06-26 11:52:27,154 - ui.main_window - INFO - Loaded high-quality logo: logo/f1_logo.png
2025-06-26 11:52:27,201 - utils.image_utils - INFO - Successfully loaded high-quality image: logo/motogp_logo.png
2025-06-26 11:52:27,205 - ui.main_window - INFO - Loaded high-quality logo: logo/motogp_logo.png
2025-06-26 11:52:27,224 - services.api_client - INFO - Initialized ErgastAPIClient with endpoint: http://api.jolpi.ca/ergast/f1
2025-06-26 11:52:27,697 - __main__ - INFO - Main window created and shown
2025-06-26 11:52:27,699 - __main__ - INFO - Application ready - entering event loop
2025-06-26 11:52:28,424 - services.api_client - INFO - GET request to: http://api.jolpi.ca/ergast/f1/current/driverStandings.json
2025-06-26 11:52:29,425 - services.api_client - INFO - GET request to: http://api.jolpi.ca/ergast/f1/2025.json
2025-06-26 11:52:29,526 - services.api_client - INFO - Successful response from http://api.jolpi.ca/ergast/f1/current/driverStandings.json
2025-06-26 11:52:29,526 - services.data_service - INFO - Loaded 21 driver standings
2025-06-26 11:52:29,849 - services.api_client - INFO - Successful response from http://api.jolpi.ca/ergast/f1/2025.json
2025-06-26 11:52:30,425 - services.api_client - INFO - GET request to: http://api.jolpi.ca/ergast/f1/2025/1/results.json
2025-06-26 11:52:30,851 - services.api_client - INFO - Successful response from http://api.jolpi.ca/ergast/f1/2025/1/results.json
2025-06-26 11:52:31,426 - services.api_client - INFO - GET request to: http://api.jolpi.ca/ergast/f1/2025/2/results.json
2025-06-26 11:52:31,851 - services.api_client - INFO - Successful response from http://api.jolpi.ca/ergast/f1/2025/2/results.json
2025-06-26 11:52:32,426 - services.api_client - INFO - GET request to: http://api.jolpi.ca/ergast/f1/2025/3/results.json
2025-06-26 11:52:32,854 - services.api_client - INFO - Successful response from http://api.jolpi.ca/ergast/f1/2025/3/results.json
2025-06-26 11:52:33,426 - services.api_client - INFO - GET request to: http://api.jolpi.ca/ergast/f1/2025/4/results.json
2025-06-26 11:52:33,857 - services.api_client - INFO - Successful response from http://api.jolpi.ca/ergast/f1/2025/4/results.json
2025-06-26 11:52:34,427 - services.api_client - INFO - GET request to: http://api.jolpi.ca/ergast/f1/2025/5/results.json
2025-06-26 11:52:34,856 - services.api_client - INFO - Successful response from http://api.jolpi.ca/ergast/f1/2025/5/results.json
2025-06-26 11:52:35,427 - services.api_client - INFO - GET request to: http://api.jolpi.ca/ergast/f1/2025/6/results.json
2025-06-26 11:52:35,860 - services.api_client - INFO - Successful response from http://api.jolpi.ca/ergast/f1/2025/6/results.json
2025-06-26 11:52:36,428 - services.api_client - INFO - GET request to: http://api.jolpi.ca/ergast/f1/2025/7/results.json
2025-06-26 11:52:36,852 - services.api_client - INFO - Successful response from http://api.jolpi.ca/ergast/f1/2025/7/results.json
2025-06-26 11:52:37,428 - services.api_client - INFO - GET request to: http://api.jolpi.ca/ergast/f1/2025/8/results.json
2025-06-26 11:52:37,853 - services.api_client - INFO - Successful response from http://api.jolpi.ca/ergast/f1/2025/8/results.json
2025-06-26 11:52:38,428 - services.api_client - INFO - GET request to: http://api.jolpi.ca/ergast/f1/2025/9/results.json
2025-06-26 11:52:38,857 - services.api_client - INFO - Successful response from http://api.jolpi.ca/ergast/f1/2025/9/results.json
2025-06-26 11:52:39,429 - services.api_client - INFO - GET request to: http://api.jolpi.ca/ergast/f1/2025/10/results.json
2025-06-26 11:52:39,854 - services.api_client - INFO - Successful response from http://api.jolpi.ca/ergast/f1/2025/10/results.json
2025-06-26 11:52:40,429 - services.api_client - INFO - GET request to: http://api.jolpi.ca/ergast/f1/2025/11/results.json
2025-06-26 11:52:40,851 - services.api_client - INFO - Successful response from http://api.jolpi.ca/ergast/f1/2025/11/results.json
2025-06-26 11:52:41,429 - services.api_client - INFO - GET request to: http://api.jolpi.ca/ergast/f1/2025/12/results.json
2025-06-26 11:52:41,852 - services.api_client - INFO - Successful response from http://api.jolpi.ca/ergast/f1/2025/12/results.json
2025-06-26 11:52:42,430 - services.api_client - INFO - GET request to: http://api.jolpi.ca/ergast/f1/2025/13/results.json
2025-06-26 11:52:42,853 - services.api_client - INFO - Successful response from http://api.jolpi.ca/ergast/f1/2025/13/results.json
2025-06-26 11:52:43,430 - services.api_client - INFO - GET request to: http://api.jolpi.ca/ergast/f1/2025/14/results.json
2025-06-26 11:52:43,853 - services.api_client - INFO - Successful response from http://api.jolpi.ca/ergast/f1/2025/14/results.json
2025-06-26 11:52:44,431 - services.api_client - INFO - GET request to: http://api.jolpi.ca/ergast/f1/2025/15/results.json
2025-06-26 11:52:44,853 - services.api_client - INFO - Successful response from http://api.jolpi.ca/ergast/f1/2025/15/results.json
2025-06-26 11:52:45,431 - services.api_client - INFO - GET request to: http://api.jolpi.ca/ergast/f1/2025/16/results.json
2025-06-26 11:52:45,854 - services.api_client - INFO - Successful response from http://api.jolpi.ca/ergast/f1/2025/16/results.json
2025-06-26 11:52:46,431 - services.api_client - INFO - GET request to: http://api.jolpi.ca/ergast/f1/2025/17/results.json
2025-06-26 11:52:46,858 - services.api_client - INFO - Successful response from http://api.jolpi.ca/ergast/f1/2025/17/results.json
2025-06-26 11:52:47,432 - services.api_client - INFO - GET request to: http://api.jolpi.ca/ergast/f1/2025/18/results.json
2025-06-26 11:52:47,866 - services.api_client - INFO - Successful response from http://api.jolpi.ca/ergast/f1/2025/18/results.json
2025-06-26 11:52:48,432 - services.api_client - INFO - GET request to: http://api.jolpi.ca/ergast/f1/2025/19/results.json
2025-06-26 11:52:48,860 - services.api_client - INFO - Successful response from http://api.jolpi.ca/ergast/f1/2025/19/results.json
2025-06-26 11:52:49,433 - services.api_client - INFO - GET request to: http://api.jolpi.ca/ergast/f1/2025/20/results.json
2025-06-26 11:52:49,861 - services.api_client - INFO - Successful response from http://api.jolpi.ca/ergast/f1/2025/20/results.json
2025-06-26 11:52:50,433 - services.api_client - INFO - GET request to: http://api.jolpi.ca/ergast/f1/2025/21/results.json
2025-06-26 11:52:50,857 - services.api_client - INFO - Successful response from http://api.jolpi.ca/ergast/f1/2025/21/results.json
2025-06-26 11:52:51,434 - services.api_client - INFO - GET request to: http://api.jolpi.ca/ergast/f1/2025/22/results.json
2025-06-26 11:52:51,869 - services.api_client - INFO - Successful response from http://api.jolpi.ca/ergast/f1/2025/22/results.json
2025-06-26 11:52:52,166 - __main__ - INFO - Application exited with code: 0
2025-06-26 11:52:52,434 - services.api_client - INFO - GET request to: http://api.jolpi.ca/ergast/f1/2025/23/results.json
